7593,4.5589,0.0139,0,0,0x0000[0m
7622,4.5561,0.0140,0,0,0x0000[0m
7652,4.5575,0.0091,0,0,0x0000[0m
7682,4.5578,0.0099,0,0,0x0000[0m
7712,4.5571,0.0111,0,0,0x0000[0m
7742,4.5579,0.0104,0,0,0x0000[0m
7772,4.5584,0.0114,0,0,0x0000[0m
7802,4.5583,0.0112,0,0,0x0000[0m
7832,4.5601,0.0117,0,0,0x0000[0m
7862,4.5594,0.0116,0,0,0x0000[0m
7892,4.5587,0.0123,0,0,0x0000[0m
7922,4.5584,0.0122,0,0,0x0000[0m
7952,4.5599,0.0122,0,0,0x0000[0m
7982,4.5600,0.0128,0,0,0x0000[0m
8012,4.5599,0.0131,0,0,0x0000[0m
8042,4.5601,0.0129,0,0,0x0000[0m
8072,4.5568,0.0136,0,0,0x0000[0m
8102,4.5583,0.0139,0,0,0x0000[0m
8132,4.5593,0.0135,0,0,0x0000[0m
8162,4.5575,0.0138,0,0,0x0000[0m
8192,4.5563,0.0138,0,0,0x0000[0m
8222,4.5575,0.0136,0,0,0x0000[0m
8252,4.5581,0.0088,0,0,0x0000[0m
8282,4.5573,0.0089,0,0,0x0000[0m
8312,4.5572,0.0101,0,0,0x0000[0m
8342,4.5579,0.0099,0,0,0x0000[0m
8372,4.5575,0.0096,0,0,0x0000[0m
8402,4.5574,0.0098,0,0,0x0000[0m
8432,4.5595,0.0097,0,0,0x0000[0m
8462,4.5573,0.0098,0,0,0x0000[0m
8492,4.5588,0.0099,0,0,0x0000[0m
8522,4.5583,0.0105,0,0,0x0000[0m
8552,4.5584,0.0108,0,0,0x0000[0m
8582,4.5581,0.0109,0,0,0x0000[0m
8612,4.5593,0.0103,0,0,0x0000[0m
8642,4.5593,0.0105,0,0,0x0000[0m
8672,4.5589,0.0107,0,0,0x0000[0m
8702,4.5578,0.0106,0,0,0x0000[0m
8732,4.5577,0.0113,0,0,0x0000[0m
8762,4.5593,0.0116,0,0,0x0000[0m
8792,4.5599,0.0110,0,0,0x0000[0m
8822,4.5594,0.0112,0,0,0x0000[0m
8852,4.5595,0.0116,0,0,0x0000[0m
8882,4.5596,0.0114,0,0,0x0000[0m
8912,4.5585,0.0117,0,0,0x0000[0m
8942,4.5593,0.0117,0,0,0x0000[0m
8972,4.5595,0.0114,0,0,0x0000[0m
9002,4.5601,0.0116,0,0,0x0000[0m
9032,4.5599,0.0113,0,0,0x0000[0m
9062,4.5592,0.0116,0,0,0x0000[0m
9122,4.5592,0.0113,0,0,0x0000[0m
9152,4.5589,0.0110,0,0,0x0000[0m
9182,4.5590,0.0107,0,0,0x0000[0m
9212,4.5584,0.0116,0,0,0x0000[0m
9242,4.5589,0.0113,0,0,0x0000[0m
9272,4.5596,0.0110,0,0,0x0000[0m
9302,4.5579,0.0116,0,0,0x0000[0m
9332,4.5595,0.0116,0,0,0x0000[0m
9362,4.5601,0.0116,0,0,0x0000[0m
9392,4.5593,0.0121,0,0,0x0000[0m
9422,4.5607,0.0114,0,0,0x0000[0m
9452,4.5598,0.0115,0,0,0x0000[0m
9482,4.5585,0.0119,0,0,0x0000[0m
9512,4.5602,0.0119,0,0,0x0000[0m
9542,4.5594,0.0119,0,0,0x0000[0m
9572,4.5591,0.0111,0,0,0x0000[0m
9602,4.5586,0.0111,0,0,0x0000[0m
9632,4.5586,0.0115,0,0,0x0000[0m
9662,4.5594,0.0115,0,0,0x0000[0m
9692,4.5595,0.0119,0,0,0x0000[0m
9722,4.5585,0.0126,0,0,0x0000[0m
9752,4.5593,0.0123,0,0,0x0000[0m
9782,4.5593,0.0123,0,0,0x0000[0m
9812,4.5595,0.0122,0,0,0x0000[0m
9842,4.5591,0.0118,0,0,0x0000[0m
9872,4.5605,0.0120,0,0,0x0000[0m
9902,4.5604,0.0121,0,0,0x0000[0m
9932,4.5604,0.0125,0,0,0x0000[0m
9962,4.5592,0.0121,0,0,0x0000[0m
9992,4.5600,0.0122,0,0,0x0000[0m
10022,4.5591,0.0123,0,0,0x0000[0m
10052,4.5606,0.0125,0,0,0x0000[0m
10082,4.5611,0.0120,0,0,0x0000[0m
10112,4.5594,0.0119,0,0,0x0000[0m
10142,4.5606,0.0123,0,0,0x0000[0m
10172,4.5595,0.0120,0,0,0x0000[0m
10202,4.5602,0.0126,0,0,0x0000[0m
10232,4.5597,0.0121,0,0,0x0000[0m
10262,4.5597,0.0122,0,0,0x0000[0m
10292,4.5603,0.0127,0,0,0x0000[0m
10322,4.5599,0.0123,0,0,0x0000[0m
10352,4.5598,0.0132,0,0,0x0000[0m
10382,4.5608,0.0126,0,0,0x0000[0m
10412,4.5589,0.0121,0,0,0x0000[0m
10442,4.5603,0.0124,0,0,0x0000[0m
10472,4.5609,0.0122,0,0,0x0000[0m
10502,4.5601,0.0127,0,0,0x0000[0m
10532,4.5611,0.0120,0,0,0x0000[0m
10562,4.5597,0.0121,0,0,0x0000[0m
10592,4.5606,0.0125,0,0,0x0000[0m
10652,4.5609,0.0128,0,0,0x0000[0m
10682,4.5591,0.0119,0,0,0x0000[0m
10712,4.5595,0.0121,0,0,0x0000[0m
10742,4.5594,0.0125,0,0,0x0000[0m
10772,4.5589,0.0114,0,0,0x0000[0m
10802,4.5587,0.0116,0,0,0x0000[0m
10832,4.5600,0.0124,0,0,0x0000[0m
10862,4.5603,0.0126,0,0,0x0000[0m
10892,4.5604,0.0128,0,0,0x0000[0m
10922,4.5608,0.0124,0,0,0x0000[0m
10952,4.5598,0.0122,0,0,0x0000[0m
10982,4.5604,0.0125,0,0,0x0000[0m
11012,4.5593,0.0122,0,0,0x0000[0m
11042,4.5603,0.0130,0,0,0x0000[0m
11072,4.5607,0.0121,0,0,0x0000[0m
11102,4.5594,0.0130,0,0,0x0000[0m
11132,4.5592,0.0134,0,0,0x0000[0m
11162,4.5588,0.0127,0,0,0x0000[0m
11192,4.5601,0.0118,0,0,0x0000[0m
11222,4.5597,0.0122,0,0,0x0000[0m
11252,4.5602,0.0123,0,0,0x0000[0m
11282,4.5596,0.0125,0,0,0x0000[0m
11312,4.5599,0.0127,0,0,0x0000[0m
11342,4.5601,0.0129,0,0,0x0000[0m
11372,4.5608,0.0132,0,0,0x0000[0m
11402,4.5609,0.0131,0,0,0x0000[0m
11432,4.5604,0.0125,0,0,0x0000[0m
11462,4.5594,0.0128,0,0,0x0000[0m
11492,4.5597,0.0131,0,0,0x0000[0m
11522,4.5600,0.0131,0,0,0x0000[0m
11552,4.5603,0.0130,0,0,0x0000[0m
11582,4.5603,0.0125,0,0,0x0000[0m
11612,4.5602,0.0131,0,0,0x0000[0m
11642,4.5597,0.0130,0,0,0x0000[0m
11672,4.5613,0.0131,0,0,0x0000[0m
11702,4.5608,0.0134,0,0,0x0000[0m
11732,4.5610,0.0131,0,0,0x0000[0m
11762,4.5613,0.0131,0,0,0x0000[0m
11792,4.5606,0.0132,0,0,0x0000[0m
11822,4.5597,0.0132,0,0,0x0000[0m
11852,4.5614,0.0131,0,0,0x0000[0m
11882,4.5602,0.0129,0,0,0x0000[0m
11912,4.5605,0.0130,0,0,0x0000[0m
11942,4.5607,0.0130,0,0,0x0000[0m
11972,4.5603,0.0132,0,0,0x0000[0m
12002,4.5608,0.0133,0,0,0x0000[0m
12032,4.5606,0.0133,0,0,0x0000[0m
12062,4.5611,0.0130,0,0,0x0000[0m
12092,4.5601,0.0127,0,0,0x0000[0m
12122,4.5618,0.0131,0,0,0x0000[0m
12182,4.5602,0.0131,0,0,0x0000[0m
12212,4.5603,0.0123,0,0,0x0000[0m
12242,4.5596,0.0121,0,0,0x0000[0m
12272,4.5607,0.0123,0,0,0x0000[0m
12302,4.5611,0.0132,0,0,0x0000[0m
12332,4.5606,0.0132,0,0,0x0000[0m
12362,4.5609,0.0123,0,0,0x0000[0m
12392,4.5605,0.0133,0,0,0x0000[0m
12422,4.5611,0.0135,0,0,0x0000[0m
12452,4.5613,0.0132,0,0,0x0000[0m
12482,4.5619,0.0131,0,0,0x0000[0m
12512,4.5612,0.0129,0,0,0x0000[0m
12542,4.5612,0.0126,0,0,0x0000[0m
12572,4.5619,0.0131,0,0,0x0000[0m
12602,4.5612,0.0133,0,0,0x0000[0m
12632,4.5607,0.0127,0,0,0x0000[0m
12662,4.5618,0.0135,0,0,0x0000[0m
12692,4.5606,0.0131,0,0,0x0000[0m
12722,4.5621,0.0128,0,0,0x0000[0m
12752,4.5620,0.0130,0,0,0x0000[0m
12782,4.5628,0.0136,0,0,0x0000[0m
12812,4.5617,0.0133,0,0,0x0000[0m
12842,4.5617,0.0132,0,0,0x0000[0m
12872,4.5623,0.0129,0,0,0x0000[0m
12902,4.5618,0.0131,0,0,0x0000[0m
12932,4.5625,0.0138,0,0,0x0000[0m
12962,4.5628,0.0128,0,0,0x0000[0m
12992,4.5620,0.0131,0,0,0x0000[0m
13022,4.5626,0.0132,0,0,0x0000[0m
13052,4.5609,0.0131,0,0,0x0000[0m
13082,4.5610,0.0130,0,0,0x0000[0m
13112,4.5630,0.0131,0,0,0x0000[0m
13142,4.5625,0.0133,0,0,0x0000[0m
13172,4.5625,0.0133,0,0,0x0000[0m
13202,4.5615,0.0137,0,0,0x0000[0m
13232,4.5633,0.0138,0,0,0x0000[0m
13262,4.5624,0.0132,0,0,0x0000[0m
13292,4.5630,0.0132,0,0,0x0000[0m
13322,4.5632,0.0138,0,0,0x0000[0m
13352,4.5627,0.0139,0,0,0x0000[0m
13382,4.5628,0.0131,0,0,0x0000[0m
13412,4.5633,0.0138,0,0,0x0000[0m
13442,4.5631,0.0132,0,0,0x0000[0m
13473,4.5626,0.0132,0,0,0x0000[0m
13502,4.5626,0.0130,0,0,0x0000[0m
13532,4.5632,0.0141,0,0,0x0000[0m
13562,4.5618,0.0126,0,0,0x0000[0m
13592,4.5644,0.0143,0,0,0x0000[0m
13622,4.5629,0.0139,0,0,0x0000[0m
13652,4.5627,0.0135,0,0,0x0000[0m
13712,4.5633,0.0135,0,0,0x0000[0m
13742,4.5628,0.0121,0,0,0x0000[0m
13772,4.5631,0.0129,0,0,0x0000[0m
13802,4.5637,0.0133,0,0,0x0000[0m
13832,4.5627,0.0130,0,0,0x0000[0m
13862,4.5629,0.0131,0,0,0x0000[0m
13892,4.5624,0.0129,0,0,0x0000[0m
13922,4.5636,0.0132,0,0,0x0000[0m
13952,4.5621,0.0128,0,0,0x0000[0m
13982,4.5633,0.0132,0,0,0x0000[0m
14012,4.5632,0.0131,0,0,0x0000[0m
14042,4.5636,0.0131,0,0,0x0000[0m
14072,4.5632,0.0131,0,0,0x0000[0m
14102,4.5629,0.0130,0,0,0x0000[0m
14132,4.5631,0.0138,0,0,0x0000[0m
14162,4.5637,0.0138,0,0,0x0000[0m
14192,4.5639,0.0136,0,0,0x0000[0m
14222,4.5625,0.0127,0,0,0x0000[0m
14252,4.5636,0.0130,0,0,0x0000[0m
14282,4.5629,0.0129,0,0,0x0000[0m
14312,4.5626,0.0138,0,0,0x0000[0m
14342,4.5631,0.0132,0,0,0x0000[0m
14372,4.5634,0.0133,0,0,0x0000[0m
14402,4.5642,0.0137,0,0,0x0000[0m
14432,4.5640,0.0131,0,0,0x0000[0m
14462,4.5640,0.0139,0,0,0x0000[0m
14492,4.5637,0.0140,0,0,0x0000[0m
14522,4.5635,0.0127,0,0,0x0000[0m
14552,4.5648,0.0138,0,0,0x0000[0m
14582,4.5629,0.0139,0,0,0x0000[0m
14612,4.5654,0.0134,0,0,0x0000[0m
14642,4.5632,0.0140,0,0,0x0000[0m
14672,4.5634,0.0132,0,0,0x0000[0m
14702,4.5640,0.0134,0,0,0x0000[0m
14732,4.5648,0.0140,0,0,0x0000[0m
14762,4.5639,0.0136,0,0,0x0000[0m
14792,4.5639,0.0128,0,0,0x0000[0m
14822,4.5648,0.0138,0,0,0x0000[0m
14852,4.5639,0.0127,0,0,0x0000[0m
14882,4.5652,0.0135,0,0,0x0000[0m
14912,4.5642,0.0134,0,0,0x0000[0m
14942,4.5651,0.0130,0,0,0x0000[0m
14972,4.5639,0.0138,0,0,0x0000[0m
15002,4.5659,0.0134,0,0,0x0000[0m
15032,4.5651,0.0135,0,0,0x0000[0m
15062,4.5651,0.0137,0,0,0x0000[0m
15092,4.5653,0.0132,0,0,0x0000[0m
15122,4.5653,0.0138,0,0,0x0000[0m
15152,4.5662,0.0138,0,0,0x0000[0m
15182,4.5645,0.0139,0,0,0x0000[0m
15242,4.5651,0.0137,0,0,0x0000[0m
15272,4.5652,0.0128,0,0,0x0000[0m
15302,4.5645,0.0127,0,0,0x0000[0m
15332,4.5654,0.0129,0,0,0x0000[0m
15362,4.5654,0.0132,0,0,0x0000[0m
15392,4.5651,0.0130,0,0,0x0000[0m
15422,4.5663,0.0129,0,0,0x0000[0m
15452,4.5663,0.0132,0,0,0x0000[0m
15482,4.5648,0.0139,0,0,0x0000[0m
15512,4.5659,0.0132,0,0,0x0000[0m
15542,4.5655,0.0127,0,0,0x0000[0m
15572,4.5663,0.0130,0,0,0x0000[0m
15602,4.5659,0.0127,0,0,0x0000[0m
15632,4.5649,0.0129,0,0,0x0000[0m
15662,4.5663,0.0139,0,0,0x0000[0m
15692,4.5662,0.0129,0,0,0x0000[0m
15722,4.5662,0.0129,0,0,0x0000[0m
15752,4.5656,0.0125,0,0,0x0000[0m
15782,4.5663,0.0136,0,0,0x0000[0m
15812,4.5665,0.0129,0,0,0x0000[0m
15842,4.5662,0.0128,0,0,0x0000[0m
15872,4.5669,0.0130,0,0,0x0000[0m
15902,4.5673,0.0140,0,0,0x0000[0m
15932,4.5659,0.0140,0,0,0x0000[0m
15962,4.5659,0.0139,0,0,0x0000[0m
15992,4.5669,0.0132,0,0,0x0000[0m
16022,4.5662,0.0140,0,0,0x0000[0m
16052,4.5668,0.0139,0,0,0x0000[0m
16082,4.5660,0.0137,0,0,0x0000[0m
16112,4.5660,0.0130,0,0,0x0000[0m
16142,4.5656,0.0129,0,0,0x0000[0m
16172,4.5658,0.0142,0,0,0x0000[0m
16202,4.5661,0.0128,0,0,0x0000[0m
16232,4.5666,0.0130,0,0,0x0000[0m
16262,4.5662,0.0139,0,0,0x0000[0m
16292,4.5663,0.0136,0,0,0x0000[0m
16322,4.5663,0.0137,0,0,0x0000[0m
16352,4.5660,0.0132,0,0,0x0000[0m
16382,4.5671,0.0139,0,0,0x0000[0m
16412,4.5667,0.0140,0,0,0x0000[0m
16442,4.5664,0.0128,0,0,0x0000[0m
16472,4.5667,0.0139,0,0,0x0000[0m
16502,4.5668,0.0132,0,0,0x0000[0m
16532,4.5679,0.0131,0,0,0x0000[0m
16562,4.5667,0.0139,0,0,0x0000[0m
16592,4.5676,0.0130,0,0,0x0000[0m
16622,4.5674,0.0136,0,0,0x0000[0m
16652,4.5676,0.0127,0,0,0x0000[0m
16682,4.5668,0.0128,0,0,0x0000[0m
16712,4.5672,0.0130,0,0,0x0000[0m
16772,4.5669,0.0136,0,0,0x0000[0m
16802,4.5679,0.0127,0,0,0x0000[0m
16832,4.5675,0.0128,0,0,0x0000[0m
16862,4.5668,0.0135,0,0,0x0000[0m
16892,4.5674,0.0130,0,0,0x0000[0m
16922,4.5676,0.0132,0,0,0x0000[0m
16952,4.5676,0.0139,0,0,0x0000[0m
16982,4.5675,0.0126,0,0,0x0000[0m
17012,4.5673,0.0139,0,0,0x0000[0m
17042,4.5673,0.0128,0,0,0x0000[0m
17072,4.5674,0.0139,0,0,0x0000[0m
17102,4.5667,0.0131,0,0,0x0000[0m
17132,4.5671,0.0132,0,0,0x0000[0m
17162,4.5671,0.0138,0,0,0x0000[0m
17192,4.5682,0.0129,0,0,0x0000[0m
17222,4.5672,0.0130,0,0,0x0000[0m
17252,4.5678,0.0127,0,0,0x0000[0m
17282,4.5671,0.0129,0,0,0x0000[0m
17312,4.5676,0.0132,0,0,0x0000[0m
17342,4.5674,0.0137,0,0,0x0000[0m
17372,4.5676,0.0138,0,0,0x0000[0m
17402,4.5673,0.0129,0,0,0x0000[0m
17432,4.5674,0.0139,0,0,0x0000[0m
17462,4.5677,0.0138,0,0,0x0000[0m
17492,4.5674,0.0139,0,0,0x0000[0m
17522,4.5672,0.0136,0,0,0x0000[0m
17552,4.5684,0.0138,0,0,0x0000[0m
17582,4.5672,0.0136,0,0,0x0000[0m
17612,4.5688,0.0129,0,0,0x0000[0m
17642,4.5681,0.0140,0,0,0x0000[0m
17672,4.5674,0.0133,0,0,0x0000[0m
17702,4.5674,0.0140,0,0,0x0000[0m
17732,4.5684,0.0138,0,0,0x0000[0m
17762,4.5678,0.0139,0,0,0x0000[0m
17792,4.5674,0.0134,0,0,0x0000[0m
17822,4.5680,0.0139,0,0,0x0000[0m
17852,4.5675,0.0140,0,0,0x0000[0m
17882,4.5675,0.0135,0,0,0x0000[0m
17912,4.5683,0.0135,0,0,0x0000[0m
17942,4.5688,0.0137,0,0,0x0000[0m
17972,4.5678,0.0140,0,0,0x0000[0m
18002,4.5681,0.0141,0,0,0x0000[0m
18032,4.5688,0.0140,0,0,0x0000[0m
18062,4.5669,0.0140,0,0,0x0000[0m
18092,4.5687,0.0135,0,0,0x0000[0m
18122,4.5682,0.0138,0,0,0x0000[0m
18152,4.5687,0.0138,0,0,0x0000[0m
18182,4.5679,0.0139,0,0,0x0000[0m
18212,4.5690,0.0135,0,0,0x0000[0m
18242,4.5678,0.0127,0,0,0x0000[0m
18302,4.5679,0.0135,0,0,0x0000[0m
18332,4.5679,0.0131,0,0,0x0000[0m
18362,4.5690,0.0131,0,0,0x0000[0m
18392,4.5687,0.0128,0,0,0x0000[0m
18422,4.5683,0.0135,0,0,0x0000[0m
18452,4.5683,0.0130,0,0,0x0000[0m
18482,4.5688,0.0141,0,0,0x0000[0m
18512,4.5685,0.0131,0,0,0x0000[0m
18542,4.5698,0.0139,0,0,0x0000[0m
18572,4.5683,0.0139,0,0,0x0000[0m
18602,4.5687,0.0128,0,0,0x0000[0m
18632,4.5697,0.0134,0,0,0x0000[0m
18662,4.5686,0.0133,0,0,0x0000[0m
18692,4.5688,0.0137,0,0,0x0000[0m
18722,4.5686,0.0136,0,0,0x0000[0m
18752,4.5694,0.0140,0,0,0x0000[0m
18782,4.5687,0.0137,0,0,0x0000[0m
18812,4.5693,0.0137,0,0,0x0000[0m
18842,4.5687,0.0141,0,0,0x0000[0m
18872,4.5686,0.0129,0,0,0x0000[0m
18902,4.5699,0.0136,0,0,0x0000[0m
18932,4.5700,0.0137,0,0,0x0000[0m
18962,4.5682,0.0135,0,0,0x0000[0m
18992,4.5691,0.0141,0,0,0x0000[0m
19022,4.5698,0.0133,0,0,0x0000[0m
19052,4.5696,0.0139,0,0,0x0000[0m
19082,4.5681,0.0136,0,0,0x0000[0m
19112,4.5683,0.0137,0,0,0x0000[0m
19142,4.5683,0.0139,0,0,0x0000[0m
19172,4.5692,0.0139,0,0,0x0000[0m
19202,4.5687,0.0137,0,0,0x0000[0m
19232,4.5694,0.0137,0,0,0x0000[0m
19262,4.5681,0.0138,0,0,0x0000[0m
19292,4.5690,0.0133,0,0,0x0000[0m
19322,4.5682,0.0135,0,0,0x0000[0m
19352,4.5696,0.0137,0,0,0x0000[0m
19382,4.5686,0.0139,0,0,0x0000[0m
19412,4.5687,0.0135,0,0,0x0000[0m
19442,4.5698,0.0139,0,0,0x0000[0m
19472,4.5692,0.0136,0,0,0x0000[0m
19502,4.5693,0.0136,0,0,0x0000[0m
19532,4.5689,0.0135,0,0,0x0000[0m
19562,4.5697,0.0137,0,0,0x0000[0m
19592,4.5692,0.0142,0,0,0x0000[0m
19622,4.5692,0.0138,0,0,0x0000[0m
19652,4.5694,0.0138,0,0,0x0000[0m
19682,4.5702,0.0137,0,0,0x0000[0m
19712,4.5691,0.0137,0,0,0x0000[0m
19742,4.5688,0.0135,0,0,0x0000[0m
19772,4.5698,0.0137,0,0,0x0000[0m
19832,4.5688,0.0133,0,0,0x0000[0m
19862,4.5694,0.0133,0,0,0x0000[0m
19892,4.5688,0.0132,0,0,0x0000[0m
19922,4.5699,0.0129,0,0,0x0000[0m
19952,4.5702,0.0132,0,0,0x0000[0m
19982,4.5699,0.0139,0,0,0x0000[0m
20012,4.5690,0.0137,0,0,0x0000[0m
20042,4.5699,0.0133,0,0,0x0000[0m
20072,4.5702,0.0129,0,0,0x0000[0m
20102,4.5699,0.0137,0,0,0x0000[0m
20132,4.5693,0.0137,0,0,0x0000[0m
20162,4.5684,0.0137,0,0,0x0000[0m
20192,4.5688,0.0137,0,0,0x0000[0m
20222,4.5701,0.0139,0,0,0x0000[0m
20253,4.5698,0.0134,0,0,0x0000[0m
20282,4.5702,0.0139,0,0,0x0000[0m
20312,4.5696,0.0137,0,0,0x0000[0m
20342,4.5701,0.0137,0,0,0x0000[0m
20372,4.5702,0.0137,0,0,0x0000[0m
20402,4.5691,0.0137,0,0,0x0000[0m
20432,4.5695,0.0136,0,0,0x0000[0m
20462,4.5694,0.0138,0,0,0x0000[0m
20492,4.5692,0.0136,0,0,0x0000[0m
20522,4.5695,0.0139,0,0,0x0000[0m
20552,4.5704,0.0134,0,0,0x0000[0m
20582,4.5697,0.0139,0,0,0x0000[0m
20612,4.5705,0.0135,0,0,0x0000[0m
20642,4.5703,0.0135,0,0,0x0000[0m
20672,4.5699,0.0137,0,0,0x0000[0m
20702,4.5691,0.0139,0,0,0x0000[0m
20732,4.5704,0.0140,0,0,0x0000[0m
20762,4.5702,0.0135,0,0,0x0000[0m
20792,4.5713,0.0136,0,0,0x0000[0m
20822,4.5701,0.0138,0,0,0x0000[0m
20852,4.5702,0.0140,0,0,0x0000[0m
20882,4.5705,0.0140,0,0,0x0000[0m
20912,4.5710,0.0137,0,0,0x0000[0m
20942,4.5699,0.0134,0,0,0x0000[0m
20972,4.5701,0.0147,0,0,0x0000[0m
21002,4.5696,0.0136,0,0,0x0000[0m
21032,4.5699,0.0139,0,0,0x0000[0m
21062,4.5705,0.0138,0,0,0x0000[0m
21092,4.5701,0.0136,0,0,0x0000[0m
21122,4.5699,0.0138,0,0,0x0000[0m
21152,4.5699,0.0137,0,0,0x0000[0m
21182,4.5702,0.0140,0,0,0x0000[0m
21212,4.5693,0.0134,0,0,0x0000[0m
21242,4.5699,0.0138,0,0,0x0000[0m
21272,4.5705,0.0142,0,0,0x0000[0m
21302,4.5696,0.0138,0,0,0x0000[0m
21362,4.5702,0.0135,0,0,0x0000[0m
21392,4.5691,0.0131,0,0,0x0000[0m
21422,4.5703,0.0140,0,0,0x0000[0m
21452,4.5704,0.0128,0,0,0x0000[0m
21482,4.5701,0.0138,0,0,0x0000[0m
21512,4.5702,0.0137,0,0,0x0000[0m
21542,4.5711,0.0134,0,0,0x0000[0m
21572,4.5709,0.0133,0,0,0x0000[0m
21602,4.5706,0.0139,0,0,0x0000[0m
21632,4.5701,0.0136,0,0,0x0000[0m
21662,4.5714,0.0135,0,0,0x0000[0m
21692,4.5704,0.0142,0,0,0x0000[0m
21722,4.5713,0.0137,0,0,0x0000[0m
21752,4.5699,0.0139,0,0,0x0000[0m
21782,4.5698,0.0137,0,0,0x0000[0m
21812,4.5709,0.0139,0,0,0x0000[0m
21842,4.5704,0.0135,0,0,0x0000[0m
21872,4.5700,0.0141,0,0,0x0000[0m
21902,4.5716,0.0135,0,0,0x0000[0m
21932,4.5705,0.0129,0,0,0x0000[0m
21962,4.5709,0.0139,0,0,0x0000[0m
21992,4.5713,0.0147,0,0,0x0000[0m
22022,4.5703,0.0139,0,0,0x0000[0m
22052,4.5712,0.0136,0,0,0x0000[0m
22082,4.5703,0.0137,0,0,0x0000[0m
22112,4.5710,0.0139,0,0,0x0000[0m
22142,4.5711,0.0137,0,0,0x0000[0m
22172,4.5703,0.0136,0,0,0x0000[0m
22202,4.5703,0.0139,0,0,0x0000[0m
22232,4.5707,0.0141,0,0,0x0000[0m
22262,4.5699,0.0137,0,0,0x0000[0m
22292,4.5707,0.0139,0,0,0x0000[0m
22322,4.5700,0.0134,0,0,0x0000[0m
22352,4.5694,0.0139,0,0,0x0000[0m
22382,4.5709,0.0139,0,0,0x0000[0m
22412,4.5712,0.0140,0,0,0x0000[0m
22442,4.5702,0.0138,0,0,0x0000[0m
22472,4.5707,0.0137,0,0,0x0000[0m
22502,4.5711,0.0135,0,0,0x0000[0m
22532,4.5711,0.0133,0,0,0x0000[0m
22562,4.5711,0.0137,0,0,0x0000[0m
22592,4.5710,0.0134,0,0,0x0000[0m
22622,4.5707,0.0142,0,0,0x0000[0m
22652,4.5709,0.0136,0,0,0x0000[0m
22682,4.5709,0.0138,0,0,0x0000[0m
22712,4.5715,0.0137,0,0,0x0000[0m
22742,4.5702,0.0139,0,0,0x0000[0m
22772,4.5698,0.0138,0,0,0x0000[0m
22802,4.5710,0.0135,0,0,0x0000[0m
22832,4.5707,0.0144,0,0,0x0000[0m
22892,4.5722,0.0137,0,0,0x0000[0m
22922,4.5707,0.0132,0,0,0x0000[0m
22952,4.5719,0.0134,0,0,0x0000[0m
22982,4.5712,0.0135,0,0,0x0000[0m
23012,4.5716,0.0141,0,0,0x0000[0m
23042,4.5716,0.0141,0,0,0x0000[0m
23072,4.5716,0.0130,0,0,0x0000[0m
23102,4.5715,0.0137,0,0,0x0000[0m
23132,4.5713,0.0136,0,0,0x0000[0m
23162,4.5719,0.0138,0,0,0x0000[0m
23192,4.5705,0.0132,0,0,0x0000[0m
23222,4.5717,0.0135,0,0,0x0000[0m
23252,4.5718,0.0137,0,0,0x0000[0m
23282,4.5715,0.0135,0,0,0x0000[0m
23312,4.5703,0.0137,0,0,0x0000[0m
23342,4.5709,0.0137,0,0,0x0000[0m
23372,4.5715,0.0142,0,0,0x0000[0m
23402,4.5718,0.0139,0,0,0x0000[0m
23432,4.5713,0.0137,0,0,0x0000[0m
23462,4.5707,0.0139,0,0,0x0000[0m
23492,4.5696,0.0139,0,0,0x0000[0m
23522,4.5710,0.0139,0,0,0x0000[0m
23552,4.5712,0.0133,0,0,0x0000[0m
23582,4.5710,0.0140,0,0,0x0000[0m
23612,4.5711,0.0139,0,0,0x0000[0m
23642,4.5719,0.0138,0,0,0x0000[0m
23672,4.5718,0.0134,0,0,0x0000[0m
23702,4.5714,0.0138,0,0,0x0000[0m
23732,4.5715,0.0136,0,0,0x0000[0m
23762,4.5715,0.0136,0,0,0x0000[0m
23792,4.5708,0.0134,0,0,0x0000[0m
23822,4.5708,0.0136,0,0,0x0000[0m
23852,4.5700,0.0140,0,0,0x0000[0m
23882,4.5713,0.0139,0,0,0x0000[0m
23912,4.5714,0.0134,0,0,0x0000[0m
23942,4.5706,0.0136,0,0,0x0000[0m
23972,4.5708,0.0135,0,0,0x0000[0m
24002,4.5714,0.0137,0,0,0x0000[0m
24032,4.5706,0.0141,0,0,0x0000[0m
24062,4.5704,0.0137,0,0,0x0000[0m
24092,4.5713,0.0137,0,0,0x0000[0m
24122,4.5702,0.0138,0,0,0x0000[0m
24152,4.5714,0.0141,0,0,0x0000[0m
24182,4.5710,0.0134,0,0,0x0000[0m
24212,4.5714,0.0139,0,0,0x0000[0m
24242,4.5700,0.0136,0,0,0x0000[0m
24272,4.5709,0.0138,0,0,0x0000[0m
24302,4.5711,0.0135,0,0,0x0000[0m
24332,4.5716,0.0138,0,0,0x0000[0m
24362,4.5708,0.0138,0,0,0x0000[0m
24422,4.5703,0.0138,0,0,0x0000[0m
24452,4.5711,0.0127,0,0,0x0000[0m
24482,4.5711,0.0127,0,0,0x0000[0m
24512,4.5703,0.0136,0,0,0x0000[0m
24542,4.5706,0.0131,0,0,0x0000[0m
24572,4.5710,0.0134,0,0,0x0000[0m
24602,4.5718,0.0129,0,0,0x0000[0m
24632,4.5703,0.0134,0,0,0x0000[0m
24662,4.5715,0.0131,0,0,0x0000[0m
24692,4.5709,0.0136,0,0,0x0000[0m
24722,4.5705,0.0139,0,0,0x0000[0m
24752,4.5716,0.0136,0,0,0x0000[0m
24782,4.5719,0.0141,0,0,0x0000[0m
24812,4.5702,0.0135,0,0,0x0000[0m
24842,4.5696,0.0134,0,0,0x0000[0m
24872,4.5712,0.0138,0,0,0x0000[0m
24902,4.5715,0.0136,0,0,0x0000[0m
24932,4.5704,0.0137,0,0,0x0000[0m
24963,4.5698,0.0135,0,0,0x0000[0m
24992,4.5712,0.0132,0,0,0x0000[0m
25022,4.5708,0.0133,0,0,0x0000[0m
25052,4.5708,0.0136,0,0,0x0000[0m
25082,4.5706,0.0137,0,0,0x0000[0m
25112,4.5702,0.0138,0,0,0x0000[0m
25142,4.5708,0.0137,0,0,0x0000[0m
25172,4.5706,0.0140,0,0,0x0000[0m
25202,4.5706,0.0139,0,0,0x0000[0m
25232,4.5705,0.0140,0,0,0x0000[0m
25262,4.5702,0.0136,0,0,0x0000[0m
25292,4.5708,0.0138,0,0,0x0000[0m
25322,4.5698,0.0133,0,0,0x0000[0m
25352,4.5707,0.0133,0,0,0x0000[0m
25382,4.5704,0.0135,0,0,0x0000[0m
25412,4.5709,0.0135,0,0,0x0000[0m
25442,4.5717,0.0140,0,0,0x0000[0m
25472,4.5705,0.0136,0,0,0x0000[0m
25502,4.5708,0.0140,0,0,0x0000[0m
25532,4.5706,0.0134,0,0,0x0000[0m
25562,4.5706,0.0138,0,0,0x0000[0m
25592,4.5707,0.0132,0,0,0x0000[0m
25622,4.5703,0.0139,0,0,0x0000[0m
25652,4.5698,0.0142,0,0,0x0000[0m
25682,4.5697,0.0136,0,0,0x0000[0m
25712,4.5695,0.0137,0,0,0x0000[0m
25742,4.5704,0.0136,0,0,0x0000[0m
25772,4.5707,0.0136,0,0,0x0000[0m
25802,4.5708,0.0134,0,0,0x0000[0m
25832,4.5714,0.0138,0,0,0x0000[0m
25862,4.5714,0.0137,0,0,0x0000[0m
25892,4.5703,0.0138,0,0,0x0000[0m
25952,4.5695,0.0138,0,0,0x0000[0m
25982,4.5705,0.0129,0,0,0x0000[0m
26012,4.5707,0.0133,0,0,0x0000[0m
26042,4.5697,0.0123,0,0,0x0000[0m
26072,4.5712,0.0133,0,0,0x0000[0m
26102,4.5701,0.0129,0,0,0x0000[0m
26132,4.5705,0.0126,0,0,0x0000[0m
26162,4.5713,0.0138,0,0,0x0000[0m
26192,4.5696,0.0132,0,0,0x0000[0m
26222,4.5701,0.0139,0,0,0x0000[0m
26252,4.5700,0.0135,0,0,0x0000[0m
26282,4.5710,0.0139,0,0,0x0000[0m
26312,4.5705,0.0128,0,0,0x0000[0m
26342,4.5698,0.0136,0,0,0x0000[0m
26372,4.5701,0.0137,0,0,0x0000[0m
26402,4.5703,0.0137,0,0,0x0000[0m
26432,4.5701,0.0136,0,0,0x0000[0m
26462,4.5699,0.0139,0,0,0x0000[0m
26492,4.5704,0.0139,0,0,0x0000[0m
26522,4.5712,0.0135,0,0,0x0000[0m
26552,4.5707,0.0128,0,0,0x0000[0m
26582,4.5724,0.0131,0,0,0x0000[0m
26612,4.5710,0.0137,0,0,0x0000[0m
26642,4.5699,0.0137,0,0,0x0000[0m
26672,4.5698,0.0134,0,0,0x0000[0m
26702,4.5699,0.0140,0,0,0x0000[0m
26732,4.5700,0.0135,0,0,0x0000[0m
26762,4.5689,0.0134,0,0,0x0000[0m
26792,4.5692,0.0132,0,0,0x0000[0m
26822,4.5700,0.0139,0,0,0x0000[0m
26852,4.5700,0.0136,0,0,0x0000[0m
26882,4.5703,0.0135,0,0,0x0000[0m
26912,4.5705,0.0139,0,0,0x0000[0m
26942,4.5695,0.0141,0,0,0x0000[0m
26972,4.5699,0.0133,0,0,0x0000[0m
27002,4.5701,0.0136,0,0,0x0000[0m
27032,4.5712,0.0140,0,0,0x0000[0m
27062,4.5699,0.0136,0,0,0x0000[0m
27092,4.5706,0.0135,0,0,0x0000[0m
27122,4.5693,0.0134,0,0,0x0000[0m
27152,4.5698,0.0137,0,0,0x0000[0m
27182,4.5696,0.0139,0,0,0x0000[0m
27212,4.5694,0.0132,0,0,0x0000[0m
27242,4.5691,0.0137,0,0,0x0000[0m
27272,4.5694,0.0139,0,0,0x0000[0m
27302,4.5704,0.0136,0,0,0x0000[0m
27332,4.5706,0.0133,0,0,0x0000[0m
27362,4.5696,0.0135,0,0,0x0000[0m
27392,4.5698,0.0136,0,0,0x0000[0m
27422,4.5695,0.0135,0,0,0x0000[0m
27482,4.5697,0.0135,0,0,0x0000[0m
27512,4.5703,0.0129,0,0,0x0000[0m
27542,4.5693,0.0129,0,0,0x0000[0m
27572,4.5702,0.0127,0,0,0x0000[0m
27602,4.5702,0.0135,0,0,0x0000[0m
27632,4.5702,0.0136,0,0,0x0000[0m
27662,4.5709,0.0130,0,0,0x0000[0m
27692,4.5701,0.0135,0,0,0x0000[0m
27722,4.5697,0.0139,0,0,0x0000[0m
27752,4.5693,0.0135,0,0,0x0000[0m
27782,4.5696,0.0129,0,0,0x0000[0m
27812,4.5708,0.0136,0,0,0x0000[0m
27842,4.5695,0.0136,0,0,0x0000[0m
27872,4.5689,0.0130,0,0,0x0000[0m
27902,4.5700,0.0131,0,0,0x0000[0m
27932,4.5704,0.0133,0,0,0x0000[0m
27962,4.5691,0.0135,0,0,0x0000[0m
27992,4.5699,0.0137,0,0,0x0000[0m
28022,4.5699,0.0129,0,0,0x0000[0m
28052,4.5697,0.0138,0,0,0x0000[0m
28082,4.5693,0.0136,0,0,0x0000[0m
28112,4.5691,0.0135,0,0,0x0000[0m
28142,4.5703,0.0138,0,0,0x0000[0m
28172,4.5697,0.0138,0,0,0x0000[0m
28202,4.5692,0.0125,0,0,0x0000[0m
28232,4.5694,0.0135,0,0,0x0000[0m
28262,4.5683,0.0131,0,0,0x0000[0m
28292,4.5696,0.0128,0,0,0x0000[0m
28322,4.5695,0.0134,0,0,0x0000[0m
28352,4.5703,0.0129,0,0,0x0000[0m
28382,4.5697,0.0134,0,0,0x0000[0m
28412,4.5702,0.0137,0,0,0x0000[0m
28442,4.5692,0.0139,0,0,0x0000[0m
28472,4.5707,0.0136,0,0,0x0000[0m
28502,4.5702,0.0132,0,0,0x0000[0m
28532,4.5708,0.0135,0,0,0x0000[0m
28562,4.5696,0.0139,0,0,0x0000[0m
28592,4.5696,0.0139,0,0,0x0000[0m
28622,4.5704,0.0137,0,0,0x0000[0m
28652,4.5697,0.0139,0,0,0x0000[0m
28682,4.5703,0.0135,0,0,0x0000[0m
28712,4.5703,0.0136,0,0,0x0000[0m
28742,4.5710,0.0140,0,0,0x0000[0m
28772,4.5706,0.0137,0,0,0x0000[0m
28802,4.5693,0.0137,0,0,0x0000[0m
28832,4.5704,0.0135,0,0,0x0000[0m
28862,4.5702,0.0134,0,0,0x0000[0m
28892,4.5710,0.0135,0,0,0x0000[0m
28922,4.5692,0.0140,0,0,0x0000[0m
28952,4.5706,0.0141,0,0,0x0000[0m
29012,4.5702,0.0137,0,0,0x0000[0m
29042,4.5694,0.0125,0,0,0x0000[0m
29072,4.5698,0.0128,0,0,0x0000[0m
29102,4.5697,0.0130,0,0,0x0000[0m
29132,4.5695,0.0130,0,0,0x0000[0m
29162,4.5700,0.0133,0,0,0x0000[0m
29192,4.5699,0.0126,0,0,0x0000[0m
29222,4.5696,0.0132,0,0,0x0000[0m
29252,4.5701,0.0128,0,0,0x0000[0m
29282,4.5709,0.0136,0,0,0x0000[0m
29312,4.5689,0.0129,0,0,0x0000[0m
29342,4.5699,0.0129,0,0,0x0000[0m
29372,4.5698,0.0130,0,0,0x0000[0m
29402,4.5701,0.0131,0,0,0x0000[0m
29432,4.5697,0.0138,0,0,0x0000[0m
29462,4.5695,0.0131,0,0,0x0000[0m
29492,4.5699,0.0128,0,0,0x0000[0m
29522,4.5704,0.0140,0,0,0x0000[0m
29552,4.5692,0.0126,0,0,0x0000[0m
29582,4.5697,0.0132,0,0,0x0000[0m
29612,4.5696,0.0128,0,0,0x0000[0m
29642,4.5719,0.0138,0,0,0x0000[0m
29673,4.5694,0.0136,0,0,0x0000[0m
29702,4.5698,0.0135,0,0,0x0000[0m
29732,4.5700,0.0136,0,0,0x0000[0m
29762,4.5697,0.0133,0,0,0x0000[0m
29792,4.5696,0.0129,0,0,0x0000[0m
29822,4.5699,0.0128,0,0,0x0000[0m
29852,4.5706,0.0136,0,0,0x0000[0m
29882,4.5692,0.0136,0,0,0x0000[0m
29912,4.5699,0.0128,0,0,0x0000[0m
29942,4.5692,0.0127,0,0,0x0000[0m
29972,4.5701,0.0135,0,0,0x0000[0m
30002,4.5697,0.0140,0,0,0x0000[0m
30032,4.5696,0.0126,0,0,0x0000[0m
30062,4.5695,0.0129,0,0,0x0000[0m
30092,4.5690,0.0137,0,0,0x0000[0m
30122,4.5696,0.0137,0,0,0x0000[0m
30152,4.5704,0.0133,0,0,0x0000[0m
30182,4.5696,0.0130,0,0,0x0000[0m
30212,4.5691,0.0131,0,0,0x0000[0m
30242,4.5690,0.0126,0,0,0x0000[0m
30272,4.5703,0.0130,0,0,0x0000[0m
30302,4.5692,0.0129,0,0,0x0000[0m
30332,4.5693,0.0123,0,0,0x0000[0m
30362,4.5700,0.0130,0,0,0x0000[0m
30392,4.5711,0.0130,0,0,0x0000[0m
30422,4.5703,0.0136,0,0,0x0000[0m
30452,4.5701,0.0130,0,0,0x0000[0m
30482,4.5694,0.0132,0,0,0x0000[0m
30542,4.5702,0.0125,0,0,0x0000[0m
30572,4.5689,0.0122,0,0,0x0000[0m
30602,4.5693,0.0118,0,0,0x0000[0m
30632,4.5683,0.0118,0,0,0x0000[0m
30662,4.5690,0.0130,0,0,0x0000[0m
30692,4.5690,0.0128,0,0,0x0000[0m
30722,4.5695,0.0130,0,0,0x0000[0m
30752,4.5695,0.0126,0,0,0x0000[0m
30782,4.5684,0.0129,0,0,0x0000[0m
30812,4.5699,0.0127,0,0,0x0000[0m
30842,4.5693,0.0133,0,0,0x0000[0m
30872,4.5702,0.0131,0,0,0x0000[0m
30902,4.5699,0.0135,0,0,0x0000[0m
30932,4.5689,0.0126,0,0,0x0000[0m
30962,4.5692,0.0129,0,0,0x0000[0m
30992,4.5693,0.0130,0,0,0x0000[0m
31022,4.5693,0.0127,0,0,0x0000[0m
31052,4.5702,0.0130,0,0,0x0000[0m
31082,4.5689,0.0131,0,0,0x0000[0m
31112,4.5697,0.0122,0,0,0x0000[0m
31142,4.5691,0.0131,0,0,0x0000[0m
31172,4.5702,0.0129,0,0,0x0000[0m
31202,4.5693,0.0130,0,0,0x0000[0m
31232,4.5707,0.0127,0,0,0x0000[0m
31262,4.5706,0.0130,0,0,0x0000[0m
31292,4.5686,0.0129,0,0,0x0000[0m
31322,4.5701,0.0127,0,0,0x0000[0m
31352,4.5697,0.0130,0,0,0x0000[0m
31382,4.5699,0.0130,0,0,0x0000[0m
31412,4.5690,0.0129,0,0,0x0000[0m
31442,4.5686,0.0131,0,0,0x0000[0m
31472,4.5705,0.0121,0,0,0x0000[0m
31502,4.5696,0.0132,0,0,0x0000[0m
31532,4.5683,0.0126,0,0,0x0000[0m
31562,4.5682,0.0124,0,0,0x0000[0m
31592,4.5706,0.0128,0,0,0x0000[0m
31622,4.5696,0.0130,0,0,0x0000[0m
31652,4.5687,0.0130,0,0,0x0000[0m
31682,4.5682,0.0123,0,0,0x0000[0m
31712,4.5698,0.0128,0,0,0x0000[0m
31742,4.5698,0.0128,0,0,0x0000[0m
31772,4.5691,0.0131,0,0,0x0000[0m
31802,4.5696,0.0128,0,0,0x0000[0m
31832,4.5694,0.0128,0,0,0x0000[0m
31862,4.5690,0.0128,0,0,0x0000[0m
31892,4.5684,0.0132,0,0,0x0000[0m
31922,4.5696,0.0128,0,0,0x0000[0m
31952,4.5686,0.0131,0,0,0x0000[0m
31982,4.5693,0.0137,0,0,0x0000[0m
32012,4.5697,0.0118,0,0,0x0000[0m
32072,4.5700,0.0127,0,0,0x0000[0m
32102,4.5696,0.0123,0,0,0x0000[0m
32132,4.5697,0.0121,0,0,0x0000[0m
32162,4.5682,0.0119,0,0,0x0000[0m
32192,4.5689,0.0123,0,0,0x0000[0m
32222,4.5692,0.0128,0,0,0x0000[0m
32252,4.5684,0.0121,0,0,0x0000[0m
32282,4.5688,0.0117,0,0,0x0000[0m
32312,4.5696,0.0119,0,0,0x0000[0m
32342,4.5689,0.0123,0,0,0x0000[0m
32372,4.5699,0.0129,0,0,0x0000[0m
32402,4.5698,0.0120,0,0,0x0000[0m
32432,4.5689,0.0125,0,0,0x0000[0m
32462,4.5687,0.0121,0,0,0x0000[0m
32492,4.5693,0.0122,0,0,0x0000[0m
32522,4.5685,0.0119,0,0,0x0000[0m
32552,4.5706,0.0119,0,0,0x0000[0m
32582,4.5688,0.0121,0,0,0x0000[0m
32612,4.5699,0.0120,0,0,0x0000[0m
32642,4.5697,0.0120,0,0,0x0000[0m
32672,4.5691,0.0125,0,0,0x0000[0m
32702,4.5693,0.0120,0,0,0x0000[0m
32732,4.5690,0.0121,0,0,0x0000[0m
32762,4.5695,0.0129,0,0,0x0000[0m
32792,4.5692,0.0120,0,0,0x0000[0m
32822,4.5703,0.0122,0,0,0x0000[0m
32852,4.5694,0.0121,0,0,0x0000[0m
32882,4.5701,0.0123,0,0,0x0000[0m
32912,4.5684,0.0129,0,0,0x0000[0m
32942,4.5686,0.0120,0,0,0x0000[0m
32972,4.5699,0.0128,0,0,0x0000[0m
33002,4.5695,0.0121,0,0,0x0000[0m
33032,4.5701,0.0119,0,0,0x0000[0m
33062,4.5689,0.0129,0,0,0x0000[0m
33092,4.5694,0.0117,0,0,0x0000[0m
33122,4.5689,0.0121,0,0,0x0000[0m
33152,4.5696,0.0128,0,0,0x0000[0m
33182,4.5703,0.0117,0,0,0x0000[0m
33212,4.5688,0.0120,0,0,0x0000[0m
33242,4.5701,0.0120,0,0,0x0000[0m
33272,4.5689,0.0118,0,0,0x0000[0m
33302,4.5705,0.0127,0,0,0x0000[0m
33332,4.5696,0.0131,0,0,0x0000[0m
33362,4.5688,0.0121,0,0,0x0000[0m
33392,4.5684,0.0119,0,0,0x0000[0m
33422,4.5685,0.0121,0,0,0x0000[0m
33452,4.5701,0.0129,0,0,0x0000[0m
33482,4.5686,0.0129,0,0,0x0000[0m
33512,4.5701,0.0116,0,0,0x0000[0m
33542,4.5688,0.0122,0,0,0x0000[0m
33602,4.5687,0.0130,0,0,0x0000[0m
33632,4.5683,0.0121,0,0,0x0000[0m
33662,4.5696,0.0120,0,0,0x0000[0m
33692,4.5685,0.0121,0,0,0x0000[0m
33722,4.5685,0.0117,0,0,0x0000[0m
33752,4.5693,0.0121,0,0,0x0000[0m
33782,4.5700,0.0122,0,0,0x0000[0m
33812,4.5688,0.0120,0,0,0x0000[0m
33842,4.5697,0.0123,0,0,0x0000[0m
33872,4.5704,0.0123,0,0,0x0000[0m
33902,4.5704,0.0121,0,0,0x0000[0m
33932,4.5693,0.0124,0,0,0x0000[0m
33962,4.5692,0.0117,0,0,0x0000[0m
33992,4.5694,0.0116,0,0,0x0000[0m
34022,4.5691,0.0121,0,0,0x0000[0m
34052,4.5707,0.0123,0,0,0x0000[0m
34082,4.5699,0.0118,0,0,0x0000[0m
34112,4.5705,0.0117,0,0,0x0000[0m
34142,4.5699,0.0117,0,0,0x0000[0m
34172,4.5707,0.0120,0,0,0x0000[0m
34202,4.5708,0.0121,0,0,0x0000[0m
34232,4.5711,0.0119,0,0,0x0000[0m
34262,4.5706,0.0119,0,0,0x0000[0m
34292,4.5701,0.0120,0,0,0x0000[0m
34322,4.5689,0.0121,0,0,0x0000[0m
34352,4.5698,0.0121,0,0,0x0000[0m
34382,4.5710,0.0120,0,0,0x0000[0m
34412,4.5710,0.0122,0,0,0x0000[0m
34442,4.5705,0.0121,0,0,0x0000[0m
34472,4.5704,0.0118,0,0,0x0000[0m
34502,4.5701,0.0122,0,0,0x0000[0m
34532,4.5702,0.0122,0,0,0x0000[0m
34562,4.5706,0.0124,0,0,0x0000[0m
34592,4.5708,0.0121,0,0,0x0000[0m
34622,4.5711,0.0120,0,0,0x0000[0m
34652,4.5698,0.0116,0,0,0x0000[0m
34682,4.5705,0.0122,0,0,0x0000[0m
34712,4.5710,0.0118,0,0,0x0000[0m
34742,4.5706,0.0119,0,0,0x0000[0m
34772,4.5681,0.0119,0,0,0x0000[0m
34802,4.5711,0.0120,0,0,0x0000[0m
34832,4.5699,0.0117,0,0,0x0000[0m
34862,4.5709,0.0116,0,0,0x0000[0m
34892,4.5705,0.0122,0,0,0x0000[0m
34922,4.5714,0.0120,0,0,0x0000[0m
34952,4.5716,0.0119,0,0,0x0000[0m
34982,4.5714,0.0123,0,0,0x0000[0m
35012,4.5717,0.0121,0,0,0x0000[0m
35042,4.5692,0.0122,0,0,0x0000[0m
35072,4.5717,0.0120,0,0,0x0000[0m
35132,4.5713,0.0115,0,0,0x0000[0m
35162,4.5715,0.0118,0,0,0x0000[0m
35192,4.5704,0.0120,0,0,0x0000[0m
35222,4.5722,0.0119,0,0,0x0000[0m
35252,4.5703,0.0122,0,0,0x0000[0m
35282,4.5708,0.0120,0,0,0x0000[0m
35312,4.5704,0.0117,0,0,0x0000[0m
35342,4.5726,0.0120,0,0,0x0000[0m
35372,4.5724,0.0120,0,0,0x0000[0m
35402,4.5717,0.0122,0,0,0x0000[0m
35432,4.5715,0.0121,0,0,0x0000[0m
35462,4.5709,0.0122,0,0,0x0000[0m
35492,4.5723,0.0120,0,0,0x0000[0m
35522,4.5710,0.0121,0,0,0x0000[0m
35552,4.5721,0.0119,0,0,0x0000[0m
35582,4.5719,0.0120,0,0,0x0000[0m
35612,4.5712,0.0119,0,0,0x0000[0m
35642,4.5722,0.0112,0,0,0x0000[0m
35672,4.5718,0.0123,0,0,0x0000[0m
35702,4.5719,0.0122,0,0,0x0000[0m
35732,4.5726,0.0121,0,0,0x0000[0m
35762,4.5729,0.0120,0,0,0x0000[0m
35792,4.5722,0.0122,0,0,0x0000[0m
35822,4.5719,0.0123,0,0,0x0000[0m
35852,4.5733,0.0121,0,0,0x0000[0m
35882,4.5714,0.0119,0,0,0x0000[0m
35912,4.5732,0.0119,0,0,0x0000[0m
35942,4.5690,0.0121,0,0,0x0000[0m
35972,4.5725,0.0119,0,0,0x0000[0m
36002,4.5717,0.0120,0,0,0x0000[0m
36032,4.5735,0.0120,0,0,0x0000[0m
36062,4.5718,0.0119,0,0,0x0000[0m
36092,4.5727,0.0128,0,0,0x0000[0m
36122,4.5729,0.0122,0,0,0x0000[0m
36152,4.5728,0.0119,0,0,0x0000[0m
36182,4.5738,0.0119,0,0,0x0000[0m
36212,4.5725,0.0117,0,0,0x0000[0m
36242,4.5734,0.0118,0,0,0x0000[0m
36272,4.5729,0.0128,0,0,0x0000[0m
36302,4.5726,0.0121,0,0,0x0000[0m
36332,4.5729,0.0121,0,0,0x0000[0m
36362,4.5742,0.0127,0,0,0x0000[0m
36392,4.5740,0.0120,0,0,0x0000[0m
36422,4.5723,0.0118,0,0,0x0000[0m
36452,4.5728,0.0119,0,0,0x0000[0m
36482,4.5739,0.0121,0,0,0x0000[0m
36512,4.5737,0.0120,0,0,0x0000[0m
36542,4.5728,0.0118,0,0,0x0000[0m
36572,4.5741,0.0123,0,0,0x0000[0m
36602,4.5735,0.0118,0,0,0x0000[0m
36662,4.5706,0.0122,0,0,0x0000[0m
36692,4.5724,0.0111,0,0,0x0000[0m
36722,4.5724,0.0114,0,0,0x0000[0m
36752,4.5737,0.0116,0,0,0x0000[0m
36782,4.5742,0.0120,0,0,0x0000[0m
36812,4.5732,0.0120,0,0,0x0000[0m
36842,4.5730,0.0120,0,0,0x0000[0m
36872,4.5744,0.0120,0,0,0x0000[0m
36902,4.5735,0.0120,0,0,0x0000[0m
36932,4.5735,0.0120,0,0,0x0000[0m
36962,4.5721,0.0119,0,0,0x0000[0m
36992,4.5737,0.0111,0,0,0x0000[0m
37022,4.5730,0.0122,0,0,0x0000[0m
37052,4.5729,0.0119,0,0,0x0000[0m
37082,4.5740,0.0119,0,0,0x0000[0m
37112,4.5738,0.0119,0,0,0x0000[0m
37142,4.5745,0.0119,0,0,0x0000[0m
37172,4.5741,0.0121,0,0,0x0000[0m
37202,4.5744,0.0120,0,0,0x0000[0m
37232,4.5740,0.0122,0,0,0x0000[0m
37262,4.5737,0.0114,0,0,0x0000[0m
37292,4.5738,0.0120,0,0,0x0000[0m
37322,4.5746,0.0118,0,0,0x0000[0m
37352,4.5749,0.0117,0,0,0x0000[0m
37382,4.5743,0.0120,0,0,0x0000[0m
37412,4.5754,0.0118,0,0,0x0000[0m
37442,4.5745,0.0120,0,0,0x0000[0m
37472,4.5719,0.0121,0,0,0x0000[0m
37502,4.5738,0.0116,0,0,0x0000[0m
37532,4.5740,0.0117,0,0,0x0000[0m
37562,4.5750,0.0120,0,0,0x0000[0m
37592,4.5735,0.0118,0,0,0x0000[0m
37622,4.5732,0.0122,0,0,0x0000[0m
37652,4.5741,0.0119,0,0,0x0000[0m
37682,4.5706,0.0120,0,0,0x0000[0m
37712,4.5715,0.0119,0,0,0x0000[0m
37742,4.5745,0.0119,0,0,0x0000[0m
37772,4.5743,0.0119,0,0,0x0000[0m
37802,4.5747,0.0119,0,0,0x0000[0m
37832,4.5746,0.0115,0,0,0x0000[0m
37862,4.5743,0.0116,0,0,0x0000[0m
37892,4.5752,0.0116,0,0,0x0000[0m
37922,4.5715,0.0121,0,0,0x0000[0m
37952,4.5726,0.0121,0,0,0x0000[0m
37982,4.5747,0.0117,0,0,0x0000[0m
38012,4.5748,0.0118,0,0,0x0000[0m
38042,4.5726,0.0121,0,0,0x0000[0m
38072,4.5723,0.0121,0,0,0x0000[0m
38102,4.5742,0.0123,0,0,0x0000[0m
38132,4.5748,0.0122,0,0,0x0000[0m
38192,4.5757,0.0116,0,0,0x0000[0m
38222,4.5739,0.0109,0,0,0x0000[0m
38252,4.5747,0.0110,0,0,0x0000[0m
38282,4.5741,0.0121,0,0,0x0000[0m
38312,4.5755,0.0109,0,0,0x0000[0m
38342,4.5756,0.0110,0,0,0x0000[0m
38372,4.5739,0.0118,0,0,0x0000[0m
38402,4.5763,0.0123,0,0,0x0000[0m
38432,4.5754,0.0118,0,0,0x0000[0m
38462,4.5750,0.0123,0,0,0x0000[0m
38492,4.5753,0.0122,0,0,0x0000[0m
38522,4.5757,0.0118,0,0,0x0000[0m
38552,4.5754,0.0119,0,0,0x0000[0m
38582,4.5757,0.0119,0,0,0x0000[0m
38612,4.5757,0.0118,0,0,0x0000[0m
38642,4.5719,0.0119,0,0,0x0000[0m
38672,4.5762,0.0119,0,0,0x0000[0m
38702,4.5739,0.0117,0,0,0x0000[0m
38732,4.5755,0.0118,0,0,0x0000[0m
38762,4.5760,0.0120,0,0,0x0000[0m
38792,4.5762,0.0119,0,0,0x0000[0m
38822,4.5728,0.0118,0,0,0x0000[0m
38852,4.5760,0.0114,0,0,0x0000[0m
38882,4.5726,0.0122,0,0,0x0000[0m
38912,4.5726,0.0114,0,0,0x0000[0m
38942,4.5725,0.0115,0,0,0x0000[0m
38972,4.5754,0.0121,0,0,0x0000[0m
39002,4.5751,0.0122,0,0,0x0000[0m
39032,4.5726,0.0122,0,0,0x0000[0m
39062,4.5729,0.0118,0,0,0x0000[0m
39092,4.5731,0.0120,0,0,0x0000[0m
39122,4.5755,0.0116,0,0,0x0000[0m
39152,4.5761,0.0119,0,0,0x0000[0m
39182,4.5725,0.0121,0,0,0x0000[0m
39212,4.5765,0.0118,0,0,0x0000[0m
39242,4.5736,0.0120,0,0,0x0000[0m
39272,4.5725,0.0117,0,0,0x0000[0m
39302,4.5735,0.0116,0,0,0x0000[0m
39332,4.5732,0.0120,0,0,0x0000[0m
39362,4.5729,0.0117,0,0,0x0000[0m
39392,4.5766,0.0118,0,0,0x0000[0m
39422,4.5734,0.0122,0,0,0x0000[0m
39452,4.5731,0.0117,0,0,0x0000[0m
39482,4.5731,0.0119,0,0,0x0000[0m
39512,4.5729,0.0117,0,0,0x0000[0m
39542,4.5765,0.0119,0,0,0x0000[0m
39572,4.5763,0.0118,0,0,0x0000[0m
39602,4.5743,0.0118,0,0,0x0000[0m
39656,4.5739,0.0121,0,0,0x0000[0m
39692,4.5753,0.0119,1,0,0x0105[0m
39752,4.2798,0.0116,1,1,0x0157[0m
39782,3.6969,1.7260,0,1,0x015E[0m
39812,3.5893,2.9388,0,1,0x035E[0m
39842,3.4371,3.2925,0,0,0x0358[0m
39872,3.3127,2.5512,0,0,0x0358[0m
39902,3.3142,1.1390,1,0,0x03F9[0m
39932,3.2567,0.3745,1,1,0x02F3[0m
39962,2.9080,0.1462,1,1,0x02F3[0m
39992,2.8397,1.5478,0,1,0x02F2[0m
40022,2.8792,2.3749,0,1,0x02F6[0m
40052,2.8800,2.6634,0,0,0x00A4[0m
40082,2.6690,2.1066,1,0,0x00AD[0m
40112,2.5569,0.9177,1,0,0x00AD[0m
40142,2.6639,0.2686,1,1,0x01AF[0m
40172,2.6352,0.0914,1,1,0x01AB[0m
40202,2.5647,1.3016,0,1,0x010A[0m
40232,2.4252,2.0372,0,0,0x0108[0m
40262,2.3891,1.7291,0,0,0x0300[0m
40292,2.3864,0.7009,1,0,0x0301[0m
40322,2.4097,0.1717,1,0,0x0305[0m
40352,2.4564,0.0205,1,1,0x0307[0m
40382,2.5792,0.0147,0,1,0x0256[0m
40412,2.3657,0.9564,0,1,0x025E[0m
40442,2.3346,1.8053,0,0,0x025C[0m
40472,2.4038,1.5853,0,0,0x025C[0m
40502,2.5476,0.6206,1,0,0x0059[0m
40532,2.5148,0.1401,1,1,0x00FB[0m
40562,2.4786,0.0475,1,1,0x00F3[0m
40592,2.4915,0.9301,0,1,0x01F2[0m
40622,2.3806,1.8631,0,1,0x01F2[0m
40652,2.4178,2.1592,0,0,0x01F4[0m
40682,2.4383,1.7229,1,0,0x01A5[0m
40712,2.3272,0.7326,1,0,0x03A5[0m
40742,2.2999,0.1832,1,1,0x03AF[0m
40772,2.4070,0.0559,1,1,0x03AF[0m
40802,2.4934,0.6834,0,1,0x03AA[0m
40832,2.4745,1.7647,0,0,0x02A8[0m
40862,2.4164,1.5783,0,0,0x0208[0m
40892,2.3730,0.6401,1,0,0x0201[0m
40922,2.3920,0.1460,1,0,0x0201[0m
40952,2.4952,0.0183,1,1,0x0003[0m
40982,2.5906,0.0144,0,1,0x0006[0m
41012,2.4748,1.0639,0,1,0x0056[0m
41042,2.3890,1.9292,0,0,0x015C[0m
41072,2.3354,1.6186,0,0,0x015C[0m
41102,2.4022,0.6576,1,0,0x015D[0m
41132,2.5015,0.1548,1,1,0x015B[0m
41162,2.5513,0.0530,1,1,0x03FB[0m
41192,2.4081,1.0809,0,1,0x03FA[0m
41222,2.3757,1.8827,0,1,0x03F2[0m
41282,2.3865,2.1406,0,0,0x03F0[0m
41312,2.5980,0.7189,1,0,0x02F5[0m
41342,2.5407,0.1790,1,1,0x02A7[0m
41372,2.4325,0.0593,1,1,0x00AF[0m
41402,2.3453,0.8100,0,1,0x00AE[0m
41432,2.3642,1.7166,0,1,0x00AE[0m
41462,2.4651,2.1488,0,0,0x00A8[0m
41492,2.5021,1.7312,1,0,0x0109[0m
41522,2.3063,0.7412,1,0,0x0101[0m
41552,2.3176,0.1887,1,1,0x0103[0m
41582,2.4538,0.0624,1,1,0x0103[0m
41612,2.5256,0.9668,0,1,0x0306[0m
41642,2.4331,1.9237,0,0,0x0354[0m
41672,2.2798,1.6229,0,0,0x0354[0m
41702,2.3286,0.6700,1,0,0x035D[0m
41732,2.4125,0.1581,1,0,0x025D[0m
41762,2.4878,0.0195,1,1,0x025B[0m
41792,2.5367,0.0162,0,1,0x025A[0m
41822,2.5047,1.0241,0,1,0x00FA[0m
41852,2.4487,1.9082,0,0,0x00F0[0m
41882,2.3870,1.6152,0,0,0x00F0[0m
41912,2.4583,0.6685,1,0,0x00F1[0m
41942,2.5409,0.1583,1,1,0x01F7[0m
41972,2.5088,0.0538,1,1,0x01A7[0m
42002,2.3667,1.1588,0,1,0x01AE[0m
42032,2.3354,1.8806,0,1,0x01AE[0m
42062,2.4306,2.1631,0,0,0x03AC[0m
42092,2.4526,1.7156,1,0,0x03A9[0m
42122,2.4091,0.7312,1,0,0x0309[0m
42152,2.3641,0.1847,1,1,0x030B[0m
42182,2.4438,0.0615,1,1,0x0203[0m
42212,2.4351,0.9827,0,1,0x0202[0m
42242,2.4649,1.8728,0,0,0x0204[0m
42272,2.4529,1.6017,0,0,0x0004[0m
42302,2.4786,0.6577,1,0,0x0055[0m
42332,2.3984,0.1546,1,0,0x005D[0m
42362,2.4500,0.0190,1,1,0x005F[0m
42392,2.5741,0.0155,0,1,0x015E[0m
42422,2.4986,1.1138,0,1,0x015A[0m
42453,2.4836,1.9642,0,0,0x01F8[0m
42482,2.4597,1.6521,0,0,0x01F0[0m
42512,2.4675,0.6738,1,0,0x03F1[0m
42542,2.4295,0.1609,1,1,0x03F3[0m
42572,2.5062,0.0535,1,1,0x03F7[0m
42602,2.5031,1.0760,0,1,0x03A6[0m
42632,2.3899,1.9227,0,1,0x02A6[0m
42662,2.3451,2.1208,0,0,0x02AC[0m
42692,2.4007,1.6888,1,0,0x02AD[0m
42722,2.4699,0.7116,1,0,0x00A9[0m
42752,2.4665,0.1753,1,1,0x00AB[0m
42812,2.5277,0.0575,1,1,0x000B[0m
42842,2.4879,1.9542,0,1,0x0102[0m
42872,2.4814,2.2681,0,0,0x0100[0m
42902,2.4968,1.7464,1,0,0x0105[0m
42932,2.4856,0.7531,1,0,0x0155[0m
42962,2.4330,0.1911,1,1,0x035F[0m
42992,2.4286,0.0578,1,1,0x035F[0m
43022,2.4295,1.0303,0,1,0x035E[0m
43052,2.5005,1.9082,0,0,0x0358[0m
43082,2.5021,1.6195,0,0,0x02F8[0m
43112,2.4409,0.6675,1,0,0x02F9[0m
43142,2.4010,0.1575,1,0,0x02F1[0m
43172,2.4716,0.0188,1,1,0x00F3[0m
43202,2.5506,0.0147,0,1,0x00F6[0m
43232,2.4451,1.0960,0,1,0x00F6[0m
43262,2.4879,1.9235,0,0,0x00A4[0m
43292,2.4444,1.6309,0,0,0x01AC[0m
43322,2.4074,0.6675,1,0,0x01AD[0m
43352,2.4679,0.1573,1,1,0x01AF[0m
43382,2.5615,0.0503,1,1,0x01AB[0m
43412,2.5475,1.1900,0,1,0x030A[0m
43442,2.3259,1.9847,0,1,0x0302[0m
43472,2.3260,2.0919,0,0,0x0300[0m
43502,2.4099,1.6785,1,0,0x0301[0m
43532,2.4915,0.6996,1,0,0x0205[0m
43562,2.4841,0.1686,1,1,0x0257[0m
43592,2.4204,0.0526,1,1,0x0257[0m
43622,2.4012,1.0562,0,1,0x005E[0m
43652,2.3860,1.8687,0,0,0x005C[0m
43682,2.4150,1.5721,0,0,0x0058[0m
43712,2.4841,0.6382,1,0,0x0059[0m
43742,2.5474,0.1454,1,0,0x01F9[0m
43772,2.5163,0.0182,1,1,0x01F3[0m
43802,2.5127,0.0152,0,1,0x01F2[0m
43832,2.4497,1.0582,0,1,0x01F2[0m
43862,2.5209,1.9248,0,0,0x03F4[0m
43892,2.4671,1.6506,0,0,0x03A4[0m
43922,2.3796,0.6697,1,0,0x03AD[0m
43952,2.3893,0.1593,1,1,0x03AF[0m
43982,2.5080,0.0509,1,1,0x02AF[0m
44012,2.5028,1.1023,0,1,0x02AA[0m
44042,2.4560,1.9436,0,1,0x020A[0m
44072,2.3870,2.1911,0,0,0x0008[0m
44102,2.3480,1.7167,1,0,0x0001[0m
44132,2.3628,0.7180,1,0,0x0001[0m
44162,2.4888,0.1839,1,1,0x0007[0m
44193,2.5473,0.0577,1,1,0x0107[0m
44222,2.5244,1.3079,0,1,0x0156[0m
44252,2.4012,2.0548,0,0,0x015C[0m
44282,2.3799,1.6554,0,0,0x015C[0m
44342,2.4793,0.6781,1,0,0x035D[0m
44372,2.5794,0.0206,1,1,0x03FB[0m
44402,2.5402,0.0149,1,1,0x03F3[0m
44432,2.4711,1.2148,0,1,0x02F2[0m
44462,2.4208,1.9636,0,0,0x02F0[0m
44492,2.4360,1.6315,0,0,0x02F4[0m
44522,2.5017,0.6628,1,0,0x00A5[0m
44552,2.3523,0.1609,1,0,0x00A5[0m
44582,2.3450,0.0252,1,1,0x00AF[0m
44612,2.4981,0.0159,0,1,0x00AE[0m
44642,2.5111,1.0190,0,1,0x01AA[0m
44672,2.4535,1.9243,0,0,0x01A8[0m
44702,2.4643,1.6281,0,0,0x0108[0m
44732,2.4477,0.6672,1,0,0x0101[0m
44762,2.4491,0.1585,1,1,0x0303[0m
44792,2.4795,0.0534,1,1,0x0303[0m
44822,2.5079,1.1322,0,1,0x0306[0m
44852,2.4972,1.9898,0,1,0x0256[0m
44882,2.3640,2.2529,0,0,0x025C[0m
44912,2.3348,1.7255,1,0,0x025D[0m
44942,2.3973,0.7120,1,0,0x025D[0m
44972,2.5318,0.1826,1,1,0x005B[0m
45002,2.5371,0.0592,1,1,0x00FB[0m
45032,2.4509,1.2049,0,1,0x00FA[0m
45062,2.4035,1.9636,0,0,0x00F0[0m
45092,2.4084,1.6340,0,0,0x01F0[0m
45122,2.4658,0.6586,1,0,0x01F5[0m
45152,2.4696,0.1550,1,0,0x01F5[0m
45182,2.5316,0.0227,1,1,0x01A7[0m
45212,2.5359,0.0153,0,1,0x03AE[0m
45242,2.3554,1.0847,0,1,0x03AE[0m
45272,2.3932,1.8540,0,0,0x03AC[0m
45302,2.4958,1.5762,0,0,0x02A8[0m
45332,2.4866,0.6361,1,0,0x0209[0m
45362,2.3615,0.1474,1,1,0x0203[0m
45392,2.4081,0.0531,1,1,0x0203[0m
45422,2.4740,0.9518,0,1,0x0002[0m
45452,2.4811,1.8946,0,1,0x0006[0m
45482,2.4707,2.2339,0,0,0x0054[0m
45512,2.3973,1.7385,1,0,0x0055[0m
45542,2.3745,0.7271,1,0,0x015D[0m
45572,2.4143,0.1904,1,1,0x015F[0m
45602,2.5293,0.0574,1,1,0x015B[0m
45632,2.5305,1.1988,0,1,0x015A[0m
45662,2.5450,2.0072,0,0,0x03F8[0m
45692,2.4327,1.6714,0,0,0x03F0[0m
45722,2.4100,0.6844,1,0,0x03F1[0m
45752,2.4550,0.1666,1,0,0x02F1[0m
45782,2.5085,0.0230,1,1,0x02F7[0m
45812,2.5324,0.0156,0,1,0x02A6[0m
45872,2.3720,1.1343,0,1,0x02AE[0m
45902,2.5187,2.2220,0,0,0x00AC[0m
45932,2.5515,1.7712,1,0,0x00A9[0m
45962,2.4867,0.7488,1,0,0x0009[0m
45992,2.4305,0.1955,1,1,0x010B[0m
46022,2.4353,0.0645,0,1,0x0102[0m
46052,2.3861,1.0973,0,1,0x0102[0m
46082,2.4712,1.9046,0,0,0x0104[0m
46112,2.5023,1.6297,0,0,0x0304[0m
46142,2.5050,0.6658,1,0,0x0355[0m
46172,2.4130,0.1589,1,1,0x035F[0m
46202,2.4481,0.0496,1,1,0x025F[0m
46232,2.4410,1.0493,0,1,0x025E[0m
46262,2.4707,1.8993,0,1,0x025A[0m
46292,2.5178,2.2401,0,0,0x02F8[0m
46322,2.4999,1.7727,1,0,0x00F1[0m
46352,2.3738,0.7454,1,0,0x00F1[0m
46382,2.3931,0.1994,1,1,0x00F3[0m
46412,2.5342,0.0622,1,1,0x00F7[0m
46442,2.5521,1.2398,0,1,0x01A6[0m
46472,2.3598,2.0126,0,0,0x01A4[0m
46502,2.2947,1.7344,0,0,0x01AC[0m
46532,2.4121,0.6748,1,0,0x01AD[0m
46562,2.5070,0.1719,1,0,0x03A9[0m
46592,2.4809,0.0221,1,1,0x03AB[0m
46622,2.5330,0.0154,0,1,0x030A[0m
46652,2.4002,1.1385,0,1,0x0202[0m
46682,2.3381,1.8774,0,0,0x0200[0m
46712,2.3861,1.6099,0,0,0x0200[0m
46742,2.5168,0.6520,1,0,0x0205[0m
46772,2.5567,0.1543,1,1,0x0057[0m
46802,2.4144,0.0488,1,1,0x005F[0m
46832,2.3553,1.0527,0,1,0x005E[0m
46862,2.4151,1.8584,0,1,0x005E[0m
46892,2.5327,2.2245,0,0,0x0158[0m
46922,2.4936,1.7792,1,0,0x01F9[0m
46952,2.3906,0.7602,1,0,0x01F9[0m
46982,2.4061,0.2000,1,1,0x01F3[0m
47012,2.4976,0.0576,1,1,0x03F3[0m
47042,2.4792,1.1305,0,1,0x03F6[0m
47072,2.4382,1.9576,0,0,0x03F4[0m
47102,2.4525,1.6087,0,0,0x02A4[0m
47132,2.3866,0.6774,1,0,0x02AD[0m
47163,2.3583,0.1615,1,0,0x02AD[0m
47192,2.4786,0.0197,1,1,0x02AF[0m
47222,2.6140,0.0151,0,1,0x00AA[0m
47252,2.4730,1.1862,0,1,0x000A[0m
47282,2.3441,1.9358,0,0,0x0000[0m
47312,2.3584,1.6363,0,0,0x0000[0m
47342,2.4760,0.6646,1,0,0x0101[0m
47402,2.5097,0.1581,1,1,0x0107[0m
47432,2.5298,1.1928,0,1,0x0156[0m
47462,2.4412,2.0316,0,1,0x035E[0m
47492,2.3824,2.2174,0,0,0x035C[0m
47522,2.4277,1.7186,0,0,0x0358[0m
47552,2.4973,0.7254,1,0,0x0259[0m
47582,2.4933,0.1814,1,1,0x02FB[0m
47612,2.4734,0.0608,1,1,0x02F3[0m
47642,2.4456,1.2089,0,1,0x02F2[0m
47672,2.4615,1.9737,0,1,0x00F2[0m
47702,2.5035,2.2574,0,0,0x00F4[0m
47732,2.4920,1.7777,1,0,0x00A5[0m
47762,2.3805,0.7714,1,0,0x00AD[0m
47792,2.4220,0.1998,1,1,0x01AF[0m
47822,2.4763,0.0617,1,1,0x01AF[0m
47852,2.5173,1.2004,0,1,0x01AA[0m
47882,2.5007,2.0170,0,0,0x01A8[0m
47912,2.4981,1.6661,0,0,0x0308[0m
47942,2.4050,0.6929,1,0,0x0301[0m
47972,2.3700,0.1693,1,0,0x0301[0m
48002,2.4792,0.0213,1,1,0x0203[0m
48032,2.5513,0.0150,0,1,0x0206[0m
48062,2.4635,1.1874,0,1,0x0256[0m
48092,2.3870,1.9762,0,0,0x025C[0m
48122,2.3991,1.6323,0,0,0x005C[0m
48152,2.4528,0.6735,1,0,0x005D[0m
48182,2.5191,0.1603,1,1,0x005B[0m
48212,2.5426,0.0535,1,1,0x00FB[0m
48242,2.5106,1.2400,0,1,0x01FA[0m
48272,2.3916,2.0138,0,1,0x01F2[0m
48302,2.4085,2.1710,0,0,0x01F0[0m
48332,2.4986,1.7231,1,0,0x03F5[0m
48362,2.4221,0.7307,1,0,0x03F5[0m
48392,2.4641,0.1835,1,1,0x03A7[0m
48422,2.4871,0.0587,1,1,0x03AF[0m
48452,2.4570,1.1001,0,1,0x02AE[0m
48482,2.4407,1.9270,0,0,0x02AC[0m
48512,2.4580,1.6090,0,0,0x02A8[0m
48542,2.5248,0.6577,1,0,0x0209[0m
48572,2.4457,0.1576,1,0,0x0001[0m
48602,2.4075,0.0266,1,1,0x0003[0m
48632,2.5082,0.0181,0,1,0x0002[0m
48662,2.5179,1.1004,0,1,0x0006[0m
48692,2.5368,1.9814,0,0,0x0154[0m
48722,2.3805,1.6842,0,0,0x0154[0m
48752,2.3800,0.6930,1,0,0x015D[0m
48782,2.4587,0.1683,1,1,0x035F[0m
48812,2.4975,0.0521,1,1,0x035B[0m
48842,2.4713,1.1840,0,1,0x035A[0m
48872,2.4971,1.9788,0,1,0x03FA[0m
48932,2.5369,2.3191,0,0,0x02F0[0m
48962,2.4761,0.7803,1,0,0x02F1[0m
48992,2.5686,0.2077,1,1,0x02F7[0m
49022,2.5723,0.0679,1,1,0x00A7[0m
49052,2.4123,1.2951,0,1,0x00AE[0m
49082,2.3503,1.9498,0,1,0x00AE[0m
49112,2.4539,2.1863,0,0,0x00AC[0m
49142,2.5568,1.7358,1,0,0x01A9[0m
49172,2.4688,0.7354,1,0,0x0109[0m
49202,2.3783,0.1877,1,1,0x010B[0m
49232,2.4458,0.0622,1,1,0x0303[0m
49262,2.4241,1.0925,0,1,0x0302[0m
49292,2.4552,1.9236,0,0,0x0304[0m
49322,2.4512,1.6355,0,0,0x0304[0m
49352,2.5356,0.6661,1,0,0x0255[0m
49382,2.4289,0.1589,1,0,0x025D[0m
49412,2.4266,0.0208,1,1,0x025F[0m
49442,2.5524,0.0154,0,1,0x025E[0m
49472,2.5665,1.1659,0,1,0x005A[0m
49502,2.5178,2.0229,0,0,0x00F8[0m
49532,2.4496,1.6953,0,0,0x00F0[0m
49562,2.4693,0.7060,1,0,0x00F1[0m
49592,2.5111,0.1729,1,1,0x01F3[0m
49622,2.5147,0.0568,1,1,0x01F7[0m
49652,2.5052,1.2698,0,1,0x01A6[0m
49682,2.3879,2.0065,0,1,0x03A6[0m
49712,2.3381,2.1696,0,0,0x03AC[0m
49742,2.3893,1.7133,1,0,0x03AD[0m
49772,2.4607,0.7086,1,0,0x03A9[0m
49802,2.5278,0.1788,1,1,0x02AB[0m
49832,2.5292,0.0573,1,1,0x020B[0m
49862,2.4400,1.2393,0,1,0x0202[0m
49892,2.4168,1.9806,0,0,0x0200[0m
49922,2.4639,1.6523,0,0,0x0000[0m
49952,2.5379,0.6788,1,0,0x0005[0m
49982,2.5236,0.1655,1,0,0x0055[0m
50012,2.4627,0.0211,1,1,0x005F[0m
50042,2.5295,0.0156,0,1,0x015E[0m
50072,2.4435,1.1195,0,1,0x015E[0m
50102,2.4996,1.9685,0,0,0x0158[0m
50132,2.5197,1.6598,0,0,0x03F8[0m
50162,2.4474,0.6900,1,0,0x03F9[0m
50192,2.3957,0.1663,1,1,0x03F3[0m
50222,2.4691,0.0529,1,1,0x03F3[0m
50252,2.5364,1.0848,0,1,0x02F6[0m
50282,2.4601,1.9750,0,1,0x02F6[0m
50312,2.4853,2.2502,0,0,0x02A4[0m
50342,2.4487,1.7722,1,0,0x02AD[0m
50372,2.4231,0.7632,1,0,0x00AD[0m
50402,2.4748,0.1982,1,1,0x00AF[0m
50462,2.5488,0.0610,1,1,0x00AB[0m
50492,2.6520,2.1132,0,1,0x0102[0m
50522,2.4831,2.3783,0,0,0x0100[0m
50552,2.4029,1.8157,1,0,0x0101[0m
50582,2.4574,0.7690,1,0,0x0305[0m
50612,2.4494,0.2037,1,1,0x0357[0m
50642,2.3987,0.0610,1,1,0x0357[0m
50672,2.3808,1.0578,0,1,0x035E[0m
50702,2.4379,1.9018,0,0,0x025C[0m
50732,2.4420,1.6229,0,0,0x0258[0m
50762,2.4694,0.6641,1,0,0x0259[0m
50792,2.5389,0.1587,1,0,0x02F9[0m
50822,2.5823,0.0194,1,1,0x00F3[0m
50852,2.5212,0.0157,0,1,0x00F2[0m
50882,2.4414,1.1317,0,1,0x00F2[0m
50912,2.5282,1.9580,0,0,0x00F4[0m
50942,2.5597,1.6708,0,0,0x01A4[0m
50972,2.4336,0.6881,1,0,0x01AD[0m
51002,2.3945,0.1662,1,1,0x01AF[0m
51032,2.5058,0.0511,1,1,0x03AF[0m
51062,2.4900,1.1226,0,1,0x03AA[0m
51092,2.4440,1.9618,0,1,0x030A[0m
51122,2.3782,2.1945,0,0,0x0308[0m
51152,2.4010,1.7574,1,0,0x0201[0m
51182,2.4000,0.7268,1,0,0x0201[0m
51212,2.4857,0.1866,1,1,0x0207[0m
51242,2.5319,0.0576,1,1,0x0207[0m
51272,2.5854,1.2632,0,1,0x0056[0m
51302,2.4249,2.0769,0,0,0x005C[0m
51332,2.3498,1.6917,0,0,0x005C[0m
51362,2.4696,0.6939,1,0,0x015D[0m
51392,2.5098,0.1703,1,0,0x0159[0m
51422,2.5299,0.0234,1,1,0x01FB[0m
51452,2.5207,0.0171,0,1,0x01F2[0m
51482,2.4184,1.1879,0,1,0x03F2[0m
51512,2.3892,1.9511,0,0,0x03F0[0m
51542,2.4472,1.6267,0,0,0x03F4[0m
51572,2.5073,0.6677,1,0,0x03A5[0m
51602,2.4389,0.1578,1,1,0x02A7[0m
51632,2.3995,0.0518,1,1,0x02AF[0m
51662,2.4253,0.9328,0,1,0x02AE[0m
51692,2.4944,1.8726,0,1,0x02AA[0m
51722,2.5308,2.2512,0,0,0x00A8[0m
51752,2.5143,1.7856,1,0,0x0009[0m
51782,2.3849,0.7665,1,0,0x0001[0m
51812,2.4196,0.2016,1,1,0x0103[0m
51842,2.4868,0.0613,1,1,0x0103[0m
51872,2.5239,1.1934,0,1,0x0106[0m
51902,2.5107,2.0261,0,0,0x0154[0m
51932,2.3776,1.6832,0,0,0x035C[0m
51992,2.3506,0.7065,1,0,0x035D[0m
52022,2.5328,0.0208,1,1,0x035B[0m
52052,2.5923,0.0166,1,1,0x02FB[0m
52082,2.4886,1.2273,0,1,0x02FA[0m
52112,2.3907,1.9661,0,0,0x02F0[0m
52142,2.3986,1.6669,0,0,0x02F0[0m
52172,2.5317,0.6830,1,0,0x00F5[0m
52202,2.4991,0.1646,1,0,0x00F5[0m
52232,2.5257,0.0213,1,1,0x00A7[0m
52262,2.5411,0.0166,0,1,0x01AE[0m
52292,2.3721,1.0913,0,1,0x01AE[0m
52322,2.4123,1.8596,0,0,0x01AC[0m
52352,2.5050,1.5916,0,0,0x01A8[0m
52382,2.5598,0.6496,1,0,0x0309[0m
52412,2.3753,0.1510,1,1,0x0303[0m
52442,2.3754,0.0508,1,1,0x0303[0m
52472,2.4476,0.8754,0,1,0x0302[0m
52502,2.5140,1.8490,0,1,0x0206[0m
52532,2.4825,2.2502,0,0,0x0254[0m
52562,2.3672,1.7707,1,0,0x0255[0m
52592,2.3561,0.7596,1,0,0x025D[0m
52622,2.4634,0.1968,1,1,0x005F[0m
52652,2.5441,0.0597,1,1,0x005B[0m
52682,2.5131,1.2306,0,1,0x005A[0m
52712,2.5370,2.0333,0,0,0x01F8[0m
52742,2.4287,1.6992,0,0,0x01F0[0m
52772,2.4205,0.7160,1,0,0x01F1[0m
52802,2.4557,0.1770,1,0,0x01F1[0m
52832,2.5687,0.0224,1,1,0x03F7[0m
52862,2.5262,0.0157,0,1,0x03A6[0m
52892,2.3234,1.1942,0,1,0x03AE[0m
52922,2.3457,1.8667,0,0,0x03AC[0m
52952,2.4416,1.5951,0,0,0x02AC[0m
52982,2.5107,0.6475,1,0,0x02A9[0m
53012,2.5011,0.1514,1,1,0x020B[0m
53042,2.4389,0.0521,1,1,0x020B[0m
53072,2.4185,1.0714,0,1,0x0002[0m
53102,2.4071,1.8915,0,1,0x0002[0m
53132,2.4772,2.2028,0,0,0x0004[0m
53162,2.5095,1.7488,1,0,0x0105[0m
53192,2.4559,0.7513,1,0,0x0155[0m
53222,2.4023,0.1928,1,1,0x015F[0m
53252,2.4810,0.0589,1,1,0x015F[0m
53282,2.5174,1.1240,0,1,0x035E[0m
53312,2.5021,2.0068,0,0,0x0358[0m
53342,2.4528,1.6747,0,0,0x03F8[0m
53372,2.4738,0.7031,1,0,0x03F1[0m
53402,2.4650,0.1711,1,0,0x02F1[0m
53432,2.4676,0.0237,1,1,0x02F3[0m
53462,2.5564,0.0168,0,1,0x02F6[0m
53522,2.5043,1.1691,0,1,0x02A6[0m
53552,2.4710,2.2392,0,0,0x00AC[0m
53582,2.4897,1.7671,1,0,0x00AD[0m
53612,2.5050,0.7503,1,0,0x01A9[0m
53642,2.4937,0.1901,1,1,0x01AB[0m
53672,2.5373,0.0600,0,1,0x010A[0m
53702,2.4054,1.2220,0,1,0x0102[0m
53732,2.4219,1.9342,0,0,0x0300[0m
53762,2.4352,1.6378,0,0,0x0300[0m
53792,2.5186,0.6784,1,0,0x0305[0m
53822,2.5489,0.1643,1,1,0x0357[0m
53852,2.4639,0.0528,1,1,0x025F[0m
53882,2.3870,1.1732,0,1,0x025E[0m
53912,2.4097,1.9180,0,1,0x025E[0m
53942,2.5262,2.2346,0,0,0x0258[0m
53972,2.5669,1.7808,1,0,0x00F9[0m
54002,2.4269,0.7701,1,0,0x00F9[0m
54032,2.3992,0.1998,1,1,0x00F3[0m
54062,2.4892,0.0627,1,1,0x01F3[0m
54092,2.4929,1.1779,0,1,0x01F6[0m
54122,2.4526,1.9889,0,0,0x01F4[0m
54152,2.4599,1.6550,0,0,0x01A4[0m
54182,2.4447,0.6905,1,0,0x03AD[0m
54212,2.3754,0.1682,1,0,0x03AD[0m
54242,2.4470,0.0226,1,1,0x03AF[0m
54272,2.5734,0.0164,0,1,0x03AA[0m
54302,2.5305,1.2046,0,1,0x020A[0m
54332,2.3578,1.9599,0,0,0x0200[0m
54362,2.3475,1.6778,0,0,0x0200[0m
54392,2.4576,0.6802,1,0,0x0201[0m
54422,2.5633,0.1644,1,1,0x0007[0m
54452,2.5136,0.0533,1,1,0x0057[0m
54482,2.3742,1.2219,0,1,0x0056[0m
54512,2.3689,1.9247,0,1,0x015E[0m
54542,2.4024,2.1897,0,0,0x015C[0m
54572,2.4757,1.7203,1,0,0x0159[0m
54602,2.4702,0.7303,1,0,0x0159[0m
54632,2.5388,0.1844,1,1,0x03FB[0m
54662,2.4828,0.0583,1,1,0x03F3[0m
54692,2.4228,1.2648,0,1,0x03F2[0m
54722,2.4374,1.9791,0,0,0x03F0[0m
54752,2.4991,1.6458,0,0,0x02F4[0m
54782,2.4858,0.6784,1,0,0x02A5[0m
54812,2.3689,0.1657,1,0,0x02AD[0m
54842,2.4059,0.0245,1,1,0x00AF[0m
54872,2.4924,0.0182,0,1,0x00AE[0m
54902,2.4601,1.0496,0,1,0x00AA[0m
54932,2.4803,1.9193,0,0,0x0008[0m
54962,2.4049,1.6378,0,0,0x0108[0m
54992,2.3855,0.6777,1,0,0x0101[0m
55052,2.4270,0.1629,1,1,0x0103[0m
55082,2.5881,1.2268,0,1,0x0306[0m
55112,2.4946,2.0756,0,1,0x0356[0m
55142,2.3752,2.2682,0,0,0x035C[0m
55172,2.3912,1.7526,0,0,0x035C[0m
55202,2.5100,0.7288,1,0,0x025D[0m
55232,2.5495,0.1855,1,1,0x025B[0m
55262,2.5254,0.0626,1,1,0x02FB[0m
55292,2.4976,1.2433,0,1,0x00F2[0m
55322,2.3753,1.9796,0,1,0x00F2[0m
55352,2.3937,2.1574,0,0,0x00F0[0m
55382,2.4975,1.7214,1,0,0x00F5[0m
55412,2.4987,0.7186,1,0,0x01A5[0m
55442,2.3797,0.1853,1,1,0x01A7[0m
55472,2.4047,0.0583,1,1,0x01AF[0m
55502,2.4628,1.0202,0,1,0x01AE[0m
55532,2.5251,1.9225,0,0,0x03A8[0m
55562,2.4311,1.6393,0,0,0x03A8[0m
55592,2.4785,0.6725,1,0,0x0309[0m
55622,2.4416,0.1638,1,0,0x0301[0m
55652,2.4707,0.0254,1,1,0x0203[0m
55683,2.5322,0.0176,0,1,0x0202[0m
55712,2.5154,1.1881,0,1,0x0206[0m
55742,2.5269,2.0032,0,0,0x0054[0m
55772,2.3786,1.6909,0,0,0x005C[0m
55802,2.3809,0.7029,1,0,0x005D[0m
55832,2.4713,0.1717,1,1,0x005F[0m
55862,2.5633,0.0555,1,1,0x015B[0m
55892,2.5119,1.2650,0,1,0x01FA[0m
55922,2.4321,2.0382,0,1,0x01FA[0m
55952,2.4190,2.2016,0,0,0x01F0[0m
55982,2.4470,1.7520,1,0,0x03F1[0m
56012,2.4404,0.7273,1,0,0x03F5[0m
56042,2.4571,0.1804,1,1,0x03F7[0m
56072,2.5388,0.0580,1,1,0x03A7[0m
56102,2.4882,1.2316,0,1,0x02AE[0m
56132,2.3797,1.9740,0,0,0x02AC[0m
56162,2.3957,1.6531,0,0,0x02AC[0m
56192,2.5338,0.6658,1,0,0x02AD[0m
56222,2.6391,0.1583,1,0,0x02AD[0m
56252,2.7488,0.0222,1,1,0x02AF[0m
56282,2.8194,0.0162,1,1,0x02AF[0m
56312,2.9029,1.5216,1,1,0x02AF[0m
56342,2.9932,2.4150,1,1,0x02AF[0m
56372,3.0926,2.7997,1,1,0x02AF[0m
56402,3.1922,2.9712,1,1,0x02AF[0m
56432,3.2807,3.0809,1,1,0x02AF[0m
56462,3.3605,3.1715,1,1,0x02AF[0m
56492,3.4347,3.2509,1,1,0x02AF[0m
56522,3.5004,3.3235,1,1,0x02AF[0m
56582,3.5625,3.3891,1,1,0x02AF[0m
56612,3.6682,3.5037,1,1,0x02AF[0m
56642,3.7171,3.5537,1,1,0x02AF[0m
56672,3.7630,3.6011,1,1,0x02AF[0m
56702,3.8039,3.6444,1,1,0x02AF[0m
56732,3.8397,3.6839,1,1,0x02AF[0m
56762,3.8772,3.7209,1,1,0x02AF[0m
56792,3.9082,3.7542,1,1,0x02AF[0m
56822,3.9362,3.7853,1,1,0x02AF[0m
56852,3.9660,3.8142,1,1,0x02AF[0m
56882,3.9904,3.8419,1,1,0x02AF[0m
56912,4.0139,3.8666,1,1,0x02AF[0m
56942,4.0371,3.8890,1,1,0x02AF[0m
56972,4.0565,3.9102,1,1,0x02AF[0m
57002,4.0755,3.9299,1,1,0x02AF[0m
57032,4.0913,3.9490,1,1,0x02AF[0m
57062,4.1070,3.9657,1,1,0x02AF[0m
57092,4.1230,3.9814,1,1,0x02AF[0m
57122,4.1361,3.9959,1,1,0x02AF[0m
57152,4.1490,4.0092,1,1,0x02AF[0m
57182,4.1614,4.0224,1,1,0x02AF[0m
57212,4.1695,4.0344,1,1,0x02AF[0m
57242,4.0860,3.9945,1,1,0x02AF[0m
57272,4.0481,3.9043,1,1,0x02AF[0m
57302,4.0471,3.9127,1,1,0x02AF[0m
57332,4.0503,3.9149,1,1,0x02AF[0m
57362,4.0481,3.9173,1,1,0x02AF[0m
57392,4.0469,3.9174,1,1,0x02AF[0m
57422,4.0458,3.9173,1,1,0x02AF[0m
57452,4.0471,3.9167,1,1,0x02AF[0m
57482,4.0453,3.9167,1,1,0x02AF[0m
57512,4.0436,3.9152,1,1,0x02AF[0m
57542,4.0418,3.9144,1,1,0x02AF[0m
57572,4.0422,3.9136,1,1,0x02AF[0m
57602,4.0406,3.9133,1,1,0x02AF[0m
57632,4.0401,3.9117,1,1,0x02AF[0m
57662,4.0377,3.9109,1,1,0x02AF[0m
57692,4.0370,3.9115,1,1,0x02AF[0m
57722,4.0362,3.9100,1,1,0x02AF[0m
57752,4.0370,3.9104,1,1,0x02AF[0m
57782,4.0339,3.9098,1,1,0x02AF[0m
57812,4.0353,3.9083,1,1,0x02AF[0m
57842,4.0331,3.9080,1,1,0x02AF[0m
57872,4.0348,3.9077,1,1,0x02AF[0m
57902,4.0339,3.9076,1,1,0x02AF[0m
57932,4.0315,3.9074,1,1,0x02AF[0m
57962,4.0319,3.9066,1,1,0x02AF[0m
57992,4.0326,3.9072,1,1,0x02AF[0m
58022,4.0332,3.9068,1,1,0x02AF[0m
58052,4.0318,3.9067,1,1,0x02AF[0m
58112,4.0313,3.9068,1,1,0x02AF[0m
58142,4.0304,3.9058,1,1,0x02AF[0m
58172,4.0299,3.9067,1,1,0x02AF[0m
58202,4.0344,3.9064,1,1,0x02AF[0m
58232,4.0332,3.9062,1,1,0x02AF[0m
58262,4.0324,3.9058,1,1,0x02AF[0m
58292,4.0325,3.9053,1,1,0x02AF[0m
58322,4.0322,3.9049,1,1,0x02AF[0m
58352,4.0310,3.9059,1,1,0x02AF[0m
58382,4.0324,3.9051,1,1,0x02AF[0m
58412,4.0321,3.9057,1,1,0x02AF[0m
58442,4.0318,3.9058,1,1,0x02AF[0m
58472,4.0324,3.9057,1,1,0x02AF[0m
58502,4.0310,3.9061,1,1,0x02AF[0m
58532,4.0317,3.9063,1,1,0x02AF[0m
58562,4.0308,3.9065,1,1,0x02AF[0m
58592,4.0325,3.9072,1,1,0x02AF[0m
58622,4.0335,3.9066,1,1,0x02AF[0m
58652,4.0326,3.9068,1,1,0x02AF[0m
58682,4.0338,3.9071,1,1,0x02AF[0m
58712,4.0334,3.9069,1,1,0x02AF[0m
58742,4.0336,3.9068,1,1,0x02AF[0m
58772,4.0342,3.9077,1,1,0x02AF[0m
58802,4.0327,3.9067,1,1,0x02AF[0m
58832,4.0339,3.9071,1,1,0x02AF[0m
58862,4.0322,3.9076,1,1,0x02AF[0m
58892,4.0314,3.9076,1,1,0x02AF[0m
58922,4.0321,3.9079,1,1,0x02AF[0m
58952,4.0321,3.9080,1,1,0x02AF[0m
58982,4.0346,3.9088,1,1,0x02AF[0m
59012,4.0345,3.9094,1,1,0x02AF[0m
59042,4.0348,3.9090,1,1,0x02AF[0m
59072,4.0354,3.9086,1,1,0x02AF[0m
59102,4.0376,3.9090,1,1,0x02AF[0m
59132,4.0357,3.9090,1,1,0x02AF[0m
59162,4.0332,3.9088,1,1,0x02AF[0m
59192,4.0340,3.9103,1,1,0x02AF[0m
59222,4.0356,3.9103,1,1,0x02AF[0m
59252,4.0356,3.9099,1,1,0x02AF[0m
59282,4.0350,3.9096,1,1,0x02AF[0m
59312,4.0354,3.9099,1,1,0x02AF[0m
59342,4.0355,3.9102,1,1,0x02AF[0m
59372,4.0366,3.9106,1,1,0x02AF[0m
59402,4.0353,3.9104,1,1,0x02AF[0m
59432,4.0360,3.9110,1,1,0x02AF[0m
59462,4.0353,3.9109,1,1,0x02AF[0m
59492,4.0342,3.9107,1,1,0x02AF[0m
59522,4.0363,3.9111,1,1,0x02AF[0m
59552,4.0357,3.9114,1,1,0x02AF[0m
59582,4.0340,3.9120,1,1,0x02AF[0m
59642,4.0353,3.9120,1,1,0x02AF[0m
59672,4.0365,3.9111,1,1,0x02AF[0m
59702,4.0381,3.9122,1,1,0x02AF[0m
59732,4.0377,3.9121,1,1,0x02AF[0m
59762,4.0361,3.9124,1,1,0x02AF[0m
59792,4.0370,3.9118,1,1,0x02AF[0m
59822,4.0367,3.9112,1,1,0x02AF[0m
59852,4.0384,3.9125,1,1,0x02AF[0m
59882,4.0384,3.9129,1,1,0x02AF[0m
59912,4.0351,3.9134,1,1,0x02AF[0m
59942,4.0381,3.9135,1,1,0x02AF[0m
59972,4.0395,3.9134,1,1,0x02AF[0m
60002,4.0368,3.9139,1,1,0x02AF[0m
60032,4.0376,3.9137,1,1,0x02AF[0m
60062,4.0379,3.9142,1,1,0x02AF[0m
60092,4.0379,3.9139,1,1,0x02AF[0m
60122,4.0402,3.9144,1,1,0x02AF[0m
60152,4.0376,3.9146,1,1,0x02AF[0m
60182,4.0396,3.9141,1,1,0x02AF[0m
60212,4.0390,3.9147,1,1,0x02AF[0m
60242,4.0381,3.9139,1,1,0x02AF[0m
60272,4.0407,3.9145,1,1,0x02AF[0m
60302,4.0375,3.9143,1,1,0x02AF[0m
60332,4.0399,3.9147,1,1,0x02AF[0m
60362,4.0402,3.9155,1,1,0x02AF[0m
60392,4.0403,3.9150,1,1,0x02AF[0m
60422,4.0394,3.9150,1,1,0x02AF[0m
60452,4.0392,3.9155,1,1,0x02AF[0m
60482,4.0396,3.9154,1,1,0x02AF[0m
60512,4.0402,3.9151,1,1,0x02AF[0m
60542,4.0416,3.9158,1,1,0x02AF[0m
60572,4.0399,3.9159,1,1,0x02AF[0m
60602,4.0413,3.9158,1,1,0x02AF[0m
60632,4.0418,3.9157,1,1,0x02AF[0m
60662,4.0413,3.9170,1,1,0x02AF[0m
60692,4.0406,3.9162,1,1,0x02AF[0m
60722,4.0391,3.9166,1,1,0x02AF[0m
60752,4.0410,3.9159,1,1,0x02AF[0m
60782,4.0399,3.9165,1,1,0x02AF[0m
60812,4.0416,3.9165,1,1,0x02AF[0m
60842,4.0430,3.9151,1,1,0x02AF[0m
60872,4.0409,3.9164,1,1,0x02AF[0m
60902,4.0443,3.9168,1,1,0x02AF[0m
60932,4.0421,3.9169,1,1,0x02AF[0m
60962,4.0411,3.9175,1,1,0x02AF[0m
60992,4.0406,3.9169,1,1,0x02AF[0m
61022,4.0410,3.9172,1,1,0x02AF[0m
61052,4.0423,3.9168,1,1,0x02AF[0m
61082,4.0419,3.9167,1,1,0x02AF[0m
61112,4.0420,3.9173,1,1,0x02AF[0m
61172,4.0419,3.9166,1,1,0x02AF[0m
61202,4.0438,3.9166,1,1,0x02AF[0m
61232,4.0416,3.9160,1,1,0x02AF[0m
61262,4.0397,3.9173,1,1,0x02AF[0m
61292,4.0420,3.9172,1,1,0x02AF[0m
61322,4.0431,3.9171,1,1,0x02AF[0m
61352,4.0429,3.9165,1,1,0x02AF[0m
61382,4.0430,3.9174,1,1,0x02AF[0m
61412,4.0428,3.9175,1,1,0x02AF[0m
61442,4.0425,3.9182,1,1,0x02AF[0m
61472,4.0425,3.9183,1,1,0x02AF[0m
61502,4.0432,3.9175,1,1,0x02AF[0m
61532,4.0428,3.9178,1,1,0x02AF[0m
61562,4.0425,3.9187,1,1,0x02AF[0m
61592,4.0422,3.9188,1,1,0x02AF[0m
61622,4.0443,3.9185,1,1,0x02AF[0m
61652,4.0424,3.9183,1,1,0x02AF[0m
61682,4.0413,3.9175,1,1,0x02AF[0m
61712,4.0414,3.9185,1,1,0x02AF[0m
61742,4.0446,3.9184,1,1,0x02AF[0m
61772,4.0447,3.9185,1,1,0x02AF[0m
61802,4.0437,3.9188,1,1,0x02AF[0m
61832,4.0440,3.9190,1,1,0x02AF[0m
61862,4.0464,3.9190,1,1,0x02AF[0m
61892,4.0441,3.9188,1,1,0x02AF[0m
61922,4.0429,3.9188,1,1,0x02AF[0m
61952,4.0417,3.9194,1,1,0x02AF[0m
61982,4.0424,3.9194,1,1,0x02AF[0m
62012,4.0437,3.9196,1,1,0x02AF[0m
62042,4.0433,3.9196,1,1,0x02AF[0m
62072,4.0432,3.9195,1,1,0x02AF[0m
62102,4.0440,3.9190,1,1,0x02AF[0m
62132,4.0422,3.9197,1,1,0x02AF[0m
62162,4.0450,3.9196,1,1,0x02AF[0m
62192,4.0433,3.9200,1,1,0x02AF[0m
62222,4.0421,3.9200,1,1,0x02AF[0m
62252,4.0421,3.9193,1,1,0x02AF[0m
62282,4.0443,3.9199,1,1,0x02AF[0m
62312,4.0439,3.9197,1,1,0x02AF[0m
62342,4.0420,3.9201,1,1,0x02AF[0m
62372,4.0440,3.9196,1,1,0x02AF[0m
62402,4.0445,3.9204,1,1,0x02AF[0m
62432,4.0437,3.9203,1,1,0x02AF[0m
62462,4.0440,3.9201,1,1,0x02AF[0m
62492,4.0440,3.9201,1,1,0x02AF[0m
62522,4.0452,3.9196,1,1,0x02AF[0m
62552,4.0436,3.9204,1,1,0x02AF[0m
62582,4.0441,3.9202,1,1,0x02AF[0m
62612,4.0432,3.9211,1,1,0x02AF[0m
62642,4.0454,3.9206,1,1,0x02AF[0m
62702,4.0429,3.9208,1,1,0x02AF[0m
62732,4.0432,3.9198,1,1,0x02AF[0m
62762,4.0461,3.9196,1,1,0x02AF[0m
62792,4.0450,3.9199,1,1,0x02AF[0m
62822,4.0419,3.9202,1,1,0x02AF[0m
62852,4.0436,3.9206,1,1,0x02AF[0m
62882,4.0451,3.9207,1,1,0x02AF[0m
62912,4.0438,3.9207,1,1,0x02AF[0m
62942,4.0451,3.9208,1,1,0x02AF[0m
62972,4.0459,3.9212,1,1,0x02AF[0m
63002,4.0449,3.9198,1,1,0x02AF[0m
63032,4.0441,3.9203,1,1,0x02AF[0m
63062,4.0459,3.9213,1,1,0x02AF[0m
63092,4.0435,3.9208,1,1,0x02AF[0m
63122,4.0441,3.9214,1,1,0x02AF[0m
63152,4.0455,3.9207,1,1,0x02AF[0m
63182,4.0462,3.9204,1,1,0x02AF[0m
63212,4.0457,3.9214,1,1,0x02AF[0m
63242,4.0440,3.9212,1,1,0x02AF[0m
63272,4.0457,3.9216,1,1,0x02AF[0m
63302,4.0454,3.9219,1,1,0x02AF[0m
63332,4.0450,3.9217,1,1,0x02AF[0m
63362,4.0463,3.9213,1,1,0x02AF[0m
63392,4.0456,3.9214,1,1,0x02AF[0m
63422,4.0458,3.9211,1,1,0x02AF[0m
63452,4.0457,3.9214,1,1,0x02AF[0m
63482,4.0444,3.9215,1,1,0x02AF[0m
63512,4.0469,3.9218,1,1,0x02AF[0m
63542,4.0468,3.9218,1,1,0x02AF[0m
63572,4.0444,3.9225,1,1,0x02AF[0m
63602,4.0450,3.9222,1,1,0x02AF[0m
63632,4.0453,3.9220,1,1,0x02AF[0m
63662,4.0437,3.9216,1,1,0x02AF[0m
63692,4.0464,3.9215,1,1,0x02AF[0m
63722,4.0461,3.9217,1,1,0x02AF[0m
63752,4.0457,3.9224,1,1,0x02AF[0m
63782,4.0462,3.9220,1,1,0x02AF[0m
63812,4.0463,3.9223,1,1,0x02AF[0m
63842,4.0453,3.9214,1,1,0x02AF[0m
63872,4.0449,3.9232,1,1,0x02AF[0m
63902,4.0465,3.9222,1,1,0x02AF[0m
63932,4.0451,3.9221,1,1,0x02AF[0m
63962,4.0471,3.9221,1,1,0x02AF[0m
63992,4.0453,3.9226,1,1,0x02AF[0m
64022,4.0444,3.9223,1,1,0x02AF[0m
64052,4.0465,3.9227,1,1,0x02AF[0m
64082,4.0436,3.9225,1,1,0x02AF[0m
64112,4.0469,3.9222,1,1,0x02AF[0m
64142,4.0470,3.9225,1,1,0x02AF[0m
64172,4.0452,3.9214,1,1,0x02AF[0m
64232,4.0457,3.9222,1,1,0x02AF[0m
64262,4.0457,3.9225,1,1,0x02AF[0m
64292,4.0456,3.9216,1,1,0x02AF[0m
64322,4.0455,3.9216,1,1,0x02AF[0m
64352,4.0458,3.9227,1,1,0x02AF[0m
64382,4.0464,3.9228,1,1,0x02AF[0m
64412,4.0459,3.9221,1,1,0x02AF[0m
64442,4.0461,3.9219,1,1,0x02AF[0m
64472,4.0456,3.9226,1,1,0x02AF[0m
64502,4.0464,3.9229,1,1,0x02AF[0m
64532,4.0472,3.9230,1,1,0x02AF[0m
64562,4.0470,3.9231,1,1,0x02AF[0m
64592,4.0452,3.9231,1,1,0x02AF[0m
64622,4.0488,3.9231,1,1,0x02AF[0m
64652,4.0450,3.9230,1,1,0x02AF[0m
64682,4.0477,3.9234,1,1,0x02AF[0m
64712,4.0446,3.9225,1,1,0x02AF[0m
64742,4.0465,3.9231,1,1,0x02AF[0m
64772,4.0467,3.9232,1,1,0x02AF[0m
64802,4.0453,3.9228,1,1,0x02AF[0m
64832,4.0465,3.9231,1,1,0x02AF[0m
64862,4.0472,3.9230,1,1,0x02AF[0m
64892,4.0448,3.9228,1,1,0x02AF[0m
64922,4.0468,3.9248,1,1,0x02AF[0m
64952,4.0479,3.9242,1,1,0x02AF[0m
64982,4.0490,3.9240,1,1,0x02AF[0m
65012,4.0473,3.9234,1,1,0x02AF[0m
65042,4.0474,3.9235,1,1,0x02AF[0m
65072,4.0486,3.9236,1,1,0x02AF[0m
65102,4.0490,3.9241,1,1,0x02AF[0m
65132,4.0475,3.9238,1,1,0x02AF[0m
65162,4.0490,3.9239,1,1,0x02AF[0m
65192,4.0503,3.9240,1,1,0x02AF[0m
65222,4.0465,3.9236,1,1,0x02AF[0m
65252,4.0481,3.9232,1,1,0x02AF[0m
65282,4.0448,3.9237,1,1,0x02AF[0m
65312,4.0459,3.9232,1,1,0x02AF[0m
65342,4.0468,3.9234,1,1,0x02AF[0m
65372,4.0468,3.9239,1,1,0x02AF[0m
65402,4.0458,3.9237,1,1,0x02AF[0m
65432,4.0487,3.9243,1,1,0x02AF[0m
65462,4.0453,3.9249,1,1,0x02AF[0m
65492,4.0478,3.9243,1,1,0x02AF[0m
65522,4.0465,3.9241,1,1,0x02AF[0m
65552,4.0479,3.9241,1,1,0x02AF[0m
65582,4.0473,3.9245,1,1,0x02AF[0m
65612,4.0492,3.9242,1,1,0x02AF[0m
65642,4.0467,3.9253,1,1,0x02AF[0m
65672,4.0493,3.9237,1,1,0x02AF[0m
65702,4.0481,3.9242,1,1,0x02AF[0m
65762,4.0481,3.9252,1,1,0x02AF[0m
65792,4.0457,3.9241,1,1,0x02AF[0m
65822,4.0456,3.9238,1,1,0x02AF[0m
65852,4.0470,3.9252,1,1,0x02AF[0m
65882,4.0474,3.9249,1,1,0x02AF[0m
65912,4.0479,3.9254,1,1,0x02AF[0m
65942,4.0489,3.9252,1,1,0x02AF[0m
65972,4.0490,3.9243,1,1,0x02AF[0m
66002,4.0475,3.9252,1,1,0x02AF[0m
66032,4.0488,3.9258,1,1,0x02AF[0m
66062,4.0467,3.9242,1,1,0x02AF[0m
66092,4.0476,3.9252,1,1,0x02AF[0m
66122,4.0480,3.9247,1,1,0x02AF[0m
66152,4.0484,3.9251,1,1,0x02AF[0m
66182,4.0482,3.9251,1,1,0x02AF[0m
66212,4.0480,3.9256,1,1,0x02AF[0m
66242,4.0474,3.9257,1,1,0x02AF[0m
66272,4.0476,3.9254,1,1,0x02AF[0m
66302,4.0482,3.9267,1,1,0x02AF[0m
66332,4.0469,3.9257,1,1,0x02AF[0m
66362,4.0472,3.9257,1,1,0x02AF[0m
66392,4.0477,3.9257,1,1,0x02AF[0m
66422,4.0469,3.9254,1,1,0x02AF[0m
66452,4.0472,3.9259,1,1,0x02AF[0m
66482,4.0479,3.9262,1,1,0x02AF[0m
66512,4.0504,3.9260,1,1,0x02AF[0m
66542,4.0485,3.9255,1,1,0x02AF[0m
66572,4.0499,3.9255,1,1,0x02AF[0m
66602,4.0491,3.9256,1,1,0x02AF[0m
66632,4.0492,3.9260,1,1,0x02AF[0m
66662,4.0488,3.9255,1,1,0x02AF[0m
66692,4.0504,3.9251,1,1,0x02AF[0m
66722,4.0488,3.9258,1,1,0x02AF[0m
66752,4.0506,3.9270,1,1,0x02AF[0m
66782,4.0474,3.9257,1,1,0x02AF[0m
66812,4.0483,3.9256,1,1,0x02AF[0m
66842,4.0485,3.9262,1,1,0x02AF[0m
66872,4.0475,3.9273,1,1,0x02AF[0m
66902,4.0487,3.9262,1,1,0x02AF[0m
66932,4.0477,3.9261,1,1,0x02AF[0m
66962,4.0481,3.9262,1,1,0x02AF[0m
66992,4.0456,3.9264,1,1,0x02AF[0m
67022,4.0490,3.9258,1,1,0x02AF[0m
67052,4.0489,3.9260,1,1,0x02AF[0m
67082,4.0483,3.9265,1,1,0x02AF[0m
67112,4.0476,3.9256,1,1,0x02AF[0m
67142,4.0499,3.9266,1,1,0x02AF[0m
67172,4.0480,3.9263,1,1,0x02AF[0m
67202,4.0480,3.9265,1,1,0x02AF[0m
67232,4.0492,3.9264,1,1,0x02AF[0m
67292,4.0506,3.9267,1,1,0x02AF[0m
67322,4.0485,3.9252,1,1,0x02AF[0m
67352,4.0492,3.9265,1,1,0x02AF[0m
67382,4.0510,3.9261,1,1,0x02AF[0m
67412,4.0493,3.9254,1,1,0x02AF[0m
67442,4.0477,3.9262,1,1,0x02AF[0m
67472,4.0480,3.9260,1,1,0x02AF[0m
67502,4.0496,3.9262,1,1,0x02AF[0m
67532,4.0477,3.9263,1,1,0x02AF[0m
67562,4.0495,3.9266,1,1,0x02AF[0m
67592,4.0485,3.9267,1,1,0x02AF[0m
67622,4.0507,3.9265,1,1,0x02AF[0m
67652,4.0493,3.9261,1,1,0x02AF[0m
67682,4.0493,3.9266,1,1,0x02AF[0m
67712,4.0504,3.9278,1,1,0x02AF[0m
67742,4.0496,3.9267,1,1,0x02AF[0m
67772,4.0495,3.9268,1,1,0x02AF[0m
67802,4.0518,3.9271,1,1,0x02AF[0m
67832,4.0523,3.9276,1,1,0x02AF[0m
67862,4.0515,3.9277,1,1,0x02AF[0m
67892,4.0514,3.9289,1,1,0x02AF[0m
67922,4.0511,3.9294,1,1,0x02AF[0m
67952,4.0524,3.9301,1,1,0x02AF[0m
67982,4.0523,3.9313,1,1,0x02AF[0m
68012,4.0540,3.9313,1,1,0x02AF[0m
68042,4.0554,3.9317,1,1,0x02AF[0m
68072,4.0523,3.9303,1,1,0x02AF[0m
68102,4.0531,3.9296,1,1,0x02AF[0m
68132,4.0517,3.9289,1,1,0x02AF[0m
68162,4.0508,3.9280,1,1,0x02AF[0m
68192,4.0511,3.9274,1,1,0x02AF[0m
68222,4.0501,3.9286,1,1,0x02AF[0m
68252,4.0504,3.9285,1,1,0x02AF[0m
68282,4.0509,3.9277,1,1,0x02AF[0m
68312,4.0512,3.9281,1,1,0x02AF[0m
68342,4.0530,3.9289,1,1,0x02AF[0m
68372,4.0540,3.9296,1,1,0x02AF[0m
68402,4.0541,3.9308,1,1,0x02AF[0m
68432,4.0540,3.9313,1,1,0x02AF[0m
68462,4.0573,3.9316,1,1,0x02AF[0m
68492,4.0541,3.9310,1,1,0x02AF[0m
68522,4.0531,3.9307,1,1,0x02AF[0m
68552,4.0516,3.9304,1,1,0x02AF[0m
68582,4.0528,3.9290,1,1,0x02AF[0m
68612,4.0524,3.9284,1,1,0x02AF[0m
68642,4.0508,3.9274,1,1,0x02AF[0m
68672,4.0484,3.9269,1,1,0x02AF[0m
68702,4.0481,3.9261,1,1,0x02AF[0m
68732,4.0474,3.9255,1,1,0x02AF[0m
68762,4.0472,3.9252,1,1,0x02AF[0m
68822,4.0457,3.9243,1,1,0x02AF[0m
68852,4.0461,3.9221,1,1,0x02AF[0m
68882,4.0447,3.9225,1,1,0x02AF[0m
68912,4.0457,3.9220,1,1,0x02AF[0m
68942,4.0441,3.9222,1,1,0x02AF[0m
68972,4.0451,3.9219,1,1,0x02AF[0m
69002,4.0439,3.9221,1,1,0x02AF[0m
69032,4.0425,3.9223,1,1,0x02AF[0m
69062,4.0426,3.9218,1,1,0x02AF[0m
69092,4.0454,3.9215,1,1,0x02AF[0m
69122,4.0433,3.9210,1,1,0x02AF[0m
69152,4.0443,3.9215,1,1,0x02AF[0m
69182,4.0447,3.9218,1,1,0x02AF[0m
69212,4.0461,3.9217,1,1,0x02AF[0m
69242,4.0448,3.9216,1,1,0x02AF[0m
69272,4.0441,3.9216,1,1,0x02AF[0m
69302,4.0460,3.9219,1,1,0x02AF[0m
69332,4.0433,3.9217,1,1,0x02AF[0m
69362,4.0440,3.9218,1,1,0x02AF[0m
69392,4.0440,3.9222,1,1,0x02AF[0m
69422,4.0424,3.9221,1,1,0x02AF[0m
69452,4.0442,3.9209,1,1,0x02AF[0m
69482,4.0447,3.9219,1,1,0x02AF[0m
69512,4.0436,3.9223,1,1,0x02AF[0m
69542,4.0438,3.9224,1,1,0x02AF[0m
69572,4.0432,3.9219,1,1,0x02AF[0m
69602,4.0449,3.9210,1,1,0x02AF[0m
69632,4.0429,3.9211,1,1,0x02AF[0m
69662,4.0429,3.9214,1,1,0x02AF[0m
69692,4.0435,3.9208,1,1,0x02AF[0m
69722,4.0423,3.9212,1,1,0x02AF[0m
69752,4.0433,3.9213,1,1,0x02AF[0m
69782,4.0436,3.9221,1,1,0x02AF[0m
69812,4.0437,3.9222,1,1,0x02AF[0m
69842,4.0458,3.9215,1,1,0x02AF[0m
69872,4.0444,3.9222,1,1,0x02AF[0m
69902,4.0433,3.9214,1,1,0x02AF[0m
69932,4.0438,3.9215,1,1,0x02AF[0m
69962,4.0474,3.9216,1,1,0x02AF[0m
69992,4.0437,3.9221,1,1,0x02AF[0m
70022,4.0453,3.9229,1,1,0x02AF[0m
70052,4.0438,3.9229,1,1,0x02AF[0m
70082,4.0463,3.9228,1,1,0x02AF[0m
70112,4.0440,3.9234,1,1,0x02AF[0m
70142,4.0455,3.9237,1,1,0x02AF[0m
70172,4.0442,3.9237,1,1,0x02AF[0m
70203,4.0468,3.9240,1,1,0x02AF[0m
70232,4.0458,3.9240,1,1,0x02AF[0m
70262,4.0465,3.9245,1,1,0x02AF[0m
70292,4.0451,3.9246,1,1,0x02AF[0m
70352,4.0455,3.9234,1,1,0x02AF[0m
70382,4.0472,3.9227,1,1,0x02AF[0m
70412,4.0448,3.9226,1,1,0x02AF[0m
70442,4.0446,3.9235,1,1,0x02AF[0m
70472,4.0462,3.9243,1,1,0x02AF[0m
70502,4.0472,3.9249,1,1,0x02AF[0m
70532,4.0473,3.9249,1,1,0x02AF[0m
70562,4.0473,3.9251,1,1,0x02AF[0m
70592,4.0473,3.9252,1,1,0x02AF[0m
70622,4.0476,3.9243,1,1,0x02AF[0m
70652,4.0462,3.9253,1,1,0x02AF[0m
70682,4.0481,3.9251,1,1,0x02AF[0m
70712,4.0466,3.9253,1,1,0x02AF[0m
70742,4.0460,3.9252,1,1,0x02AF[0m
70772,4.0472,3.9256,1,1,0x02AF[0m
70802,4.0447,3.9251,1,1,0x02AF[0m
70832,4.0443,3.9250,1,1,0x02AF[0m
70862,4.0439,3.9245,1,1,0x02AF[0m
70892,4.0453,3.9241,1,1,0x02AF[0m
70922,4.0484,3.9239,1,1,0x02AF[0m
70952,4.0465,3.9239,1,1,0x02AF[0m
70982,4.0476,3.9248,1,1,0x02AF[0m
71012,4.0457,3.9242,1,1,0x02AF[0m
71042,4.0445,3.9247,1,1,0x02AF[0m
71072,4.0459,3.9249,1,1,0x02AF[0m
71102,4.0471,3.9250,1,1,0x02AF[0m
71132,4.0455,3.9249,1,1,0x02AF[0m
71162,4.0459,3.9238,1,1,0x02AF[0m
71192,4.0476,3.9244,1,1,0x02AF[0m
71222,4.0456,3.9245,1,1,0x02AF[0m
71252,4.0457,3.9253,1,1,0x02AF[0m
71282,4.0467,3.9237,1,1,0x02AF[0m
71312,4.0446,3.9248,1,1,0x02AF[0m
71342,4.0456,3.9244,1,1,0x02AF[0m
71372,4.0443,3.9245,1,1,0x02AF[0m
71402,4.0462,3.9245,1,1,0x02AF[0m
71432,4.0471,3.9244,1,1,0x02AF[0m
71462,4.0482,3.9245,1,1,0x02AF[0m
71492,4.0469,3.9244,1,1,0x02AF[0m
71522,4.0457,3.9250,1,1,0x02AF[0m
71552,4.0460,3.9254,1,1,0x02AF[0m
71582,4.0483,3.9238,1,1,0x02AF[0m
71612,4.0460,3.9249,1,1,0x02AF[0m
71642,4.0460,3.9251,1,1,0x02AF[0m
71672,4.0457,3.9248,1,1,0x02AF[0m
71702,4.0457,3.9243,1,1,0x02AF[0m
71732,4.0455,3.9246,1,1,0x02AF[0m
71762,4.0464,3.9253,1,1,0x02AF[0m
71792,4.0467,3.9246,1,1,0x02AF[0m
71822,4.0466,3.9256,1,1,0x02AF[0m
71882,4.0474,3.9249,1,1,0x02AF[0m
71912,4.0463,3.9242,1,1,0x02AF[0m
71942,4.0476,3.9240,1,1,0x02AF[0m
71972,4.0458,3.9250,1,1,0x02AF[0m
72002,4.0459,3.9250,1,1,0x02AF[0m
72032,4.0465,3.9239,1,1,0x02AF[0m
72062,4.0476,3.9255,1,1,0x02AF[0m
72092,4.0460,3.9252,1,1,0x02AF[0m
72122,4.0475,3.9252,1,1,0x02AF[0m
72152,4.0448,3.9250,1,1,0x02AF[0m
72182,4.0463,3.9250,1,1,0x02AF[0m
72212,4.0478,3.9251,1,1,0x02AF[0m
72242,4.0447,3.9253,1,1,0x02AF[0m
72272,4.0479,3.9254,1,1,0x02AF[0m
72302,4.0466,3.9250,1,1,0x02AF[0m
72332,4.0464,3.9250,1,1,0x02AF[0m
72362,4.0462,3.9254,1,1,0x02AF[0m
72392,4.0480,3.9252,1,1,0x02AF[0m
72422,4.0473,3.9249,1,1,0x02AF[0m
72452,4.0456,3.9256,1,1,0x02AF[0m
72482,4.0473,3.9255,1,1,0x02AF[0m
72512,4.0476,3.9255,1,1,0x02AF[0m
72542,4.0445,3.9253,1,1,0x02AF[0m
72572,4.0458,3.9258,1,1,0x02AF[0m
72602,4.0455,3.9257,1,1,0x02AF[0m
72632,4.0472,3.9251,1,1,0x02AF[0m
72662,4.0476,3.9254,1,1,0x02AF[0m
72692,4.0469,3.9257,1,1,0x02AF[0m
72722,4.0460,3.9256,1,1,0x02AF[0m
72752,4.0463,3.9260,1,1,0x02AF[0m
72782,4.0464,3.9257,1,1,0x02AF[0m
72812,4.0456,3.9268,1,1,0x02AF[0m
72842,4.0458,3.9262,1,1,0x02AF[0m
72872,4.0458,3.9256,1,1,0x02AF[0m
72902,4.0472,3.9258,1,1,0x02AF[0m
72932,4.0462,3.9261,1,1,0x02AF[0m
72962,4.0443,3.9258,1,1,0x02AF[0m
72992,4.0498,3.9260,1,1,0x02AF[0m
73022,4.0476,3.9263,1,1,0x02AF[0m
73052,4.0465,3.9259,1,1,0x02AF[0m
73082,4.0461,3.9257,1,1,0x02AF[0m
73112,4.0476,3.9258,1,1,0x02AF[0m
73142,4.0275,3.9252,1,1,0x02AF[0m
73172,3.9993,3.8985,1,1,0x02AF[0m
73202,3.9630,3.8667,1,1,0x02AF[0m
73232,3.9245,3.8299,1,1,0x02AF[0m
73262,3.9172,3.8079,1,1,0x02AF[0m
73292,3.9101,3.7986,1,1,0x02AF[0m
73322,3.9105,3.7934,1,1,0x02AF[0m
73352,3.9152,3.7942,1,1,0x02AF[0m
73412,3.9139,3.7976,1,1,0x02AF[0m
73442,3.9260,3.8045,1,1,0x02AF[0m
73472,3.9309,3.8092,1,1,0x02AF[0m
73502,3.9372,3.8147,1,1,0x02AF[0m
73532,3.9410,3.8197,1,1,0x02AF[0m
73562,3.9469,3.8251,1,1,0x02AF[0m
73592,3.9512,3.8297,1,1,0x02AF[0m
73622,3.9552,3.8344,1,1,0x02AF[0m
73652,3.9621,3.8388,1,1,0x02AF[0m
73682,3.9650,3.8423,1,1,0x02AF[0m
73712,3.9653,3.8461,1,1,0x02AF[0m
73742,3.9705,3.8503,1,1,0x02AF[0m
73772,3.9741,3.8539,1,1,0x02AF[0m
73802,3.9766,3.8571,1,1,0x02AF[0m
73832,3.9833,3.8601,1,1,0x02AF[0m
73862,3.9830,3.8629,1,1,0x02AF[0m
73892,3.9856,3.8658,1,1,0x02AF[0m
73922,3.9898,3.8691,1,1,0x02AF[0m
73952,3.9933,3.8712,1,1,0x02AF[0m
73982,3.9932,3.8737,1,1,0x02AF[0m
74012,3.9980,3.8766,1,1,0x02AF[0m
74042,3.9991,3.8775,1,1,0x02AF[0m
74072,4.0011,3.8796,1,1,0x02AF[0m
74102,4.0012,3.8810,1,1,0x02AF[0m
74132,4.0018,3.8827,1,1,0x02AF[0m
74162,4.0044,3.8838,1,1,0x02AF[0m
74192,4.0054,3.8859,1,1,0x02AF[0m
74222,4.0076,3.8867,1,1,0x02AF[0m
74252,4.0087,3.8889,1,1,0x02AF[0m
74282,4.0107,3.8897,1,1,0x02AF[0m
74312,4.0121,3.8906,1,1,0x02AF[0m
74342,4.0132,3.8913,1,1,0x02AF[0m
74372,4.0122,3.8926,1,1,0x02AF[0m
74402,4.0150,3.8940,1,1,0x02AF[0m
74432,4.0149,3.8953,1,1,0x02AF[0m
74462,4.0161,3.8956,1,1,0x02AF[0m
74492,4.0180,3.8970,1,1,0x02AF[0m
74522,4.0193,3.8972,1,1,0x02AF[0m
74552,3.9849,3.8963,1,1,0x02AF[0m
74582,3.9571,3.8586,1,1,0x02AF[0m
74612,3.9542,3.8404,1,1,0x02AF[0m
74642,3.9535,3.8370,1,1,0x02AF[0m
74672,3.9555,3.8352,1,1,0x02AF[0m
74702,3.9592,3.8371,1,1,0x02AF[0m
74732,3.9619,3.8413,1,1,0x02AF[0m
74762,3.9681,3.8456,1,1,0x02AF[0m
74792,3.9735,3.8501,1,1,0x02AF[0m
74822,3.9767,3.8551,1,1,0x02AF[0m
74852,3.9831,3.8594,1,1,0x02AF[0m
74882,3.9882,3.8648,1,1,0x02AF[0m
74942,3.9911,3.8693,1,1,0x02AF[0m
74972,3.9976,3.8757,1,1,0x02AF[0m
75002,4.0020,3.8797,1,1,0x02AF[0m
75032,4.0054,3.8846,1,1,0x02AF[0m
75062,4.0078,3.8861,1,1,0x02AF[0m
75092,4.0116,3.8898,1,1,0x02AF[0m
75122,4.0153,3.8918,1,1,0x02AF[0m
75152,4.0175,3.8964,1,1,0x02AF[0m
75182,4.0214,3.8982,1,1,0x02AF[0m
75212,4.0230,3.9008,1,1,0x02AF[0m
75242,4.0255,3.9033,1,1,0x02AF[0m
75272,4.0260,3.9049,1,1,0x02AF[0m
75302,4.0275,3.9071,1,1,0x02AF[0m
75332,4.0303,3.9090,1,1,0x02AF[0m
75362,4.0327,3.9110,1,1,0x02AF[0m
75392,4.0329,3.9120,1,1,0x02AF[0m
75422,4.0341,3.9134,1,1,0x02AF[0m
75452,4.0368,3.9153,1,1,0x02AF[0m
75482,4.0390,3.9167,1,1,0x02AF[0m
75512,4.0407,3.9181,1,1,0x02AF[0m
75542,4.0426,3.9187,1,1,0x02AF[0m
75572,4.0414,3.9201,1,1,0x02AF[0m
75602,4.0442,3.9210,1,1,0x02AF[0m
75632,4.0463,3.9222,1,1,0x02AF[0m
75662,4.0442,3.9234,1,1,0x02AF[0m
75692,4.0445,3.9241,1,1,0x02AF[0m
75722,4.0461,3.9248,1,1,0x02AF[0m
75752,4.0446,3.9255,1,1,0x02AF[0m
75782,4.0483,3.9261,1,1,0x02AF[0m
75812,4.0466,3.9263,1,1,0x02AF[0m
75842,4.0473,3.9278,1,1,0x02AF[0m
75872,4.0485,3.9275,1,1,0x02AF[0m
75902,4.0475,3.9285,1,1,0x02AF[0m
75932,4.0499,3.9293,1,1,0x02AF[0m
75962,4.0486,3.9296,1,1,0x02AF[0m
75992,4.0510,3.9300,1,1,0x02AF[0m
76022,4.0512,3.9300,1,1,0x02AF[0m
76052,4.0515,3.9303,1,1,0x02AF[0m
76082,4.0513,3.9308,1,1,0x02AF[0m
76112,4.0533,3.9314,1,1,0x02AF[0m
76142,4.0534,3.9308,1,1,0x02AF[0m
76172,3.9383,3.8754,1,1,0x02AF[0m
76202,3.7977,3.7397,1,1,0x02AF[0m
76232,3.6713,3.6173,1,1,0x02AF[0m
76262,3.5500,3.4981,1,1,0x02AF[0m
76292,3.4324,3.3843,1,1,0x02AF[0m
76322,3.3217,3.2739,1,1,0x02AF[0m
76352,3.2145,3.1676,1,1,0x02AF[0m
76382,3.1109,3.0656,1,1,0x02AF[0m
76412,3.0127,2.9664,1,1,0x02AF[0m
76472,2.9154,2.8717,1,1,0x02AF[0m
76502,2.7336,2.6909,1,1,0x02AF[0m
76532,2.6485,2.6067,1,1,0x02AF[0m
76562,2.5660,2.5249,1,1,0x02AF[0m
76592,2.4859,2.4466,1,1,0x02AF[0m
76622,2.4086,2.3704,1,1,0x02AF[0m
76652,2.3339,2.2962,1,1,0x02AF[0m
76682,2.2618,2.2244,1,1,0x02AF[0m
76712,2.1928,2.1569,1,1,0x02AF[0m
76742,2.1245,2.0895,1,1,0x02AF[0m
76772,2.0594,2.0248,1,1,0x02AF[0m
76802,1.9961,1.9612,1,1,0x02AF[0m
76832,1.9359,1.9020,1,1,0x02AF[0m
76862,1.8766,1.8435,1,1,0x02AF[0m
76892,1.8187,1.7868,1,1,0x02AF[0m
76922,1.7638,1.7327,1,1,0x02AF[0m
